"Sheet Type","Opus ID","Client Name",Status,"Billing Modality KPI","Service Type Billing","License Billing","BTRC Letter","Security Coverage","Payment Plan","Other Upstream","S&M KAM","Team Name","Collection KAM","Collection Supervisor","NTTN Billing KAM","IIG/ITC Billing KAM","NTTN Billing Commencement Date","IIG/ITC Billing Commencement Date","Agreement Status","BTRC License Discontinuation Date",Legal,"Service Discontinuation Date"
Live,012003348,"3 Link Networks",Active,Pre-paid,"NTTN, IIG",Divisional,,1,,No,"Md. Shamrat Shahriar","Team Ryhan",Ehsanul,"CS Mithun",Ejaz,Monira,,2025-04-29,Done,2023-01-20,No,
Live,012211697,"A One Network",Active,Pre-paid,"NTTN, IIG",District,,1,,No,"Md. Mahin Alam","Team Abid",Ehsanul,"CS Mithun",Ejaz,Monira,,2025-08-06,Done,2027-04-24,No,
Live,012208289,"A1 Online",Active,Pre-paid,NTTN,District,,1,,No,"Umaya Afrin Priya","Team Mitul",Anik,"CS Tarikul",Waly,Mahbub,2022-06-01,2022-06-01,Done,2027-04-24,No,
Live,012418240,"A2Z Media Broadband Net",Active,Pre-paid,IIG,"Category - A",,1,,Yes,"Md. Mahin Alam","Team Abid",Khairul,"CS Tarikul",Ejaz,Monira,,2024-09-01,Done,2024-01-08,No,
Live,012107026,"A2Z Network",Active,Pre-paid,IIG,Upazila/Thana,,1,,Yes,"Toukir Azam Chowdhury","Team Sujon",Hasnat,"CS Azim",N/A,Mahbub,,2026-03-02,,,No,
Live,012203177,"Net Park Communication",Active,Pre-paid,IIG/NTTN,Upazila/Thana,,1,,Yes,"Md. Mostafizur Rahman","Team Fahad",Khairul,"CS Tarikul",N/A,Mahbub,,,,,No,
Live,012004583,"Aalok IT Limited",Active,Pre-paid,NTTN,Nationwide,,1,,Yes,"Tabassom Tamanna Haque","Team Abid",Shareef,"CS Tarikul",Nayeemur,N/A,,,,,No,
Live,012203056,"Aamra Networks Limited",Active,Post-paid,"NTTN, IIG",Nationwide,,0.98590512403214736,,Yes,"Mosabbir Hussain","Team Mosabbir",Shehave,"CS Shehave",Jubayar,Aftab,2010-12-15,2026-04-01,Done,2025-06-29,No,
Live,012418283,"Abul Kalam online",Active,Pre-paid,"NTTN, IIG",Upazila/Thana,,0.84756206022263003,,No,"Tabassom Tamanna Haque","Team Abid",Ehsanul,"CS Mithun",Nayeemur,Aftab,2025-01-01,2025-01-01,Done,2026-12-26,No,
Live,012103110,"Access Telecom (BD) Ltd.",Active,Post-paid,"NTTN, IIG",Nationwide,,1,,Yes,"Jahirul Islam","Team Jahirul",Ehsanul,"CS Mithun",Tanim,Aftab,2010-12-15,2024-04-01,Done,2025-04-30,No,
Live,012204631,"Achiever Broadband Internet",Active,Pre-paid,"NTTN, IIG, NIX","Category - C",,1,,Yes,"Nubuiya Mahfuz Naimee","Team Fahad",Anik,"CS Tarikul",Waly,Monira,2021-03-01,2021-03-01,Done,2028-02-13,No,
Live,012004481,"Adel Online",Active,Pre-paid,NTTN,Divisional,,1,,No,"Md.Noor Hossain","Team Israfil",Hasnat,"CS Azim",Nayeemur,N/A,,,Done,2024-03-31,No,
Live,012206974,"Adel Online Technology",Active,Pre-paid,"NTTN, IIG","Thana - ISP",,1,,Yes,"Nubuiya Mahfuz Naimee","Team Fahad",Shareef,"CS Tarikul",Nayeemur,Aftab,2024-11-21,2024-11-21,Done,2022-02-04,No,
Live,012618386,"Hello Multimedia",Active,Pre-paid,"NTTN, IIG","Thana - ISP",,#DIV/0!,,Yes,"Md.Mominul Islam","Team Fahad",Khairul,"CS Tarikul",,Tawhid,2024-11-21,2024-11-21,Done,2022-02-04,No,
Live,012304683,"Adina Net",Active,Pre-paid,"NTTN, IIG","Category - C",,1,,No,"Md. Sohel Rana","Team Jahirul",Asif,"CS Shehave",Waly,Mahbub,2023-02-21,2023-02-21,Done,2024-08-03,No,
Live,112203283,"ADN International Gateway Limited",Active,Post-paid,"NTTN, ITC",IIG,,1,,Yes,"Kawsar Ahammed Siddiki","Team Israfil",Mithun,"CS Mithun",Tanim,Jubayar,2019-09-01,2019-09-01,Done,2027-04-12,No,
Live,012203053,"ADN Telecom Limited",Active,Post-paid,"NTTN, IIG",Nationwide,,1,,Yes,"Kawsar Ahammed Siddiki","Team Israfil",Mithun,"CS Mithun",Tanim,Aftab,2011-10-01,2024-01-25,Done,2025-07-05,No,
Live,012004614,"Advance Telecom",Active,Pre-paid,NTTN,Divisional,,1,,Yes,"Md. Sohel Rana","Team Jahirul",Mehedi,"CS Azim",Ejaz,Tawhid,,2026-04-26,WIP,2026-12-17,No,
Live,011903236,"Aftab IT Limited",Active,Post-paid,"NTTN, IIG",Nationwide,,1,,Yes,"Sadia Nowshin Farin","Team Talha",Khairul,"CS Tarikul",Tanim,Aftab,2012-12-01,2022-10-01,Done,2024-03-31,No,
Live,012203068,"Agni Systems Limited",Active,Post-paid,NTTN,Nationwide,1st,1,,Yes,"Kawsar Ahammed Siddiki","Team Israfil",Asif,"CS Shehave",Jubayar,Aftab,,2025-01-18,Done,2023-03-03,No,
Live,012204656,"Ahon Communication",Active,Pre-paid,"NTTN, IIG","Category - C",,1,,No,"SK Sanaullah","Team Ryhan",Hasan,"CS Shehave",Waly,Mahbub,2022-05-12,2021-03-24,Done,2027-03-27,No,
Live,012209437,"Aichgati Online",Active,Pre-paid,"NTTN, IIG","Thana - ISP",,1,,No,"Md. Fahim Ahmed","Team Ryhan",Khairul,"CS Tarikul",Waly,Tawhid,2024-04-23,2022-07-01,Done,2027-04-09,No,
Live,012312883,"Ajwah Network",Active,Post-paid,"NTTN, IIG","Thana - ISP",,1,,Yes,"Md.Noor Hossain","Team Israfil",Asif,"CS Shehave",Waly,Mahbub,2023-08-02,2023-07-13,Done,2026-10-26,No,
Live,012212836,"AK Commercial Industries",Active,Pre-paid,"NTTN, IIG","Thana - ISP",,1,,No,"Md. Fahim Ahmed","Team Ryhan",Khairul,"CS Tarikul",Nayeemur,Monira,,2023-08-02,Done,2027-04-03,No,
Live,012209307,"AK Networks",Active,Post-paid,"NTTN, IIG",Divisional,,1,,No,"Md. Abid Hasan","Team Abid",Hasan,"CS Shehave",Waly,Monira,2022-05-25,2022-08-26,Done,2027-04-27,No,
Live,012418196,Alamin.Net,Active,Pre-paid,"NTTN, IIG","Thana - ISP",,1,,No,"Md. Fahim Ahmed","Team Ryhan",Azim,"CS Azim",Nayeemur,Monira,2024-03-18,2024-03-18,Done,2028-01-31,No,
Live,012318165,"Alfaz Network",Active,Pre-paid,IIG,District,,1,,Yes,"Abul Khayer Md. Fahad","Team Fahad",Naznin,"CS Shehave",N/A,Mahbub,,2024-06-12,Done,2027-06-26,No,
Live,012104600,"Al-mamun Online",Active,Pre-paid,"NTTN, IIG",Divisional,,1,,No,"Md. Sohel Rana","Team Jahirul",Khairul,"CS Tarikul",Waly,Mahbub,2020-07-14,2020-07-13,Expired,2023-10-06,No,
Live,012312985,"Al-Mugni Information & Technology",Active,Pre-paid,"NTTN, IIG","Thana - ISP",,1,,No,"K.M. Mazharul Islam","Team Mosabbir",Naznin,"CS Shehave",Waly,Tawhid,2023-05-28,2023-05-25,Done,2026-11-02,No,
Live,012312953,"Al-Noor IT Telecommunication Company",Active,Pre-paid,"NTTN, IIG","Category - A",,1,,No,"Md.Noor Hossain","Team Israfil",Shohag,"CS Mithun",Waly,Mahbub,2023-03-31,2023-03-31,Done,2024-09-10,No,
Live,012314021,"Alo Communications Limited",Active,Post-paid,NTTN,Nationwide,,1,,Yes,"Jannatul Nayem","Team Mitul",Mehedi,"CS Azim",Jubayar,N/A,2024-04-12,,Done,2023-07-01,No,
Live,012203345,"Alpha Broadway System",Active,Post-paid,"NTTN, IIG",Divisional,1st,1,,Yes,"Abu Talha Shawon","Team Talha",Tarikul,"CS Tarikul",Tanim,Aftab,2018-05-01,2018-03-16,Done,2023-01-13,No,
Live,012204528,"Alpha Network",Active,Pre-paid,"NTTN, IIG",Divisional,,1,,Yes,"Tasnim Rahman Nafis","Team Sakib",Shareef,"CS Tarikul",Ejaz,Mahbub,2020-03-01,2020-08-24,Done,2023-09-25,No,
Live,012107179,"Alpha Sattelite Network",Active,Pre-paid,"NTTN, IIG","Category - B",,1,,No,"Md. Mezbah Uddin Chy","Team Sakib",Khairul,"CS Tarikul",Waly,Mahbub,2022-02-01,2022-02-01,Done,2023-04-11,No,
Live,012104855,"Alvee Dot Net",Active,Pre-paid,"NTTN, IIG","Category - C",,1,,No,"Jibeshwar Purakayastha","Team Talha",Asif,"CS Shehave",Ejaz,Mahbub,2021-11-02,2021-11-02,Done,2025-03-15,No,
Live,012303163,"Always On Network Bangladesh Ltd.",Active,Post-paid,"NTTN, IIG",Nationwide,,1,,Yes,"Nubuiya Mahfuz Naimee","Team Fahad",Khairul,"CS Tarikul",Tanim,Aftab,2010-12-15,2025-01-15,Done,2026-03-18,No,
Live,012211715,"Amar Circle Broadband Connection",Active,Pre-paid,IIG,"Thana - ISP",,1,,Yes,"Umaya Afrin Priya","Team Mitul",Ehsanul,"CS Mithun",N/A,Mahbub,,2022-11-01,Done,2023-01-21,No,
Live,011903169,"Amarnet System",Active,Pre-paid,NTTN,Divisional,,0.4658269359767459,,Yes,"Md.Noor Hossain","Team Israfil",Khairul,"CS Tarikul",Ejaz,N/A,,,Done,2024-03-05,No,
Live,012317121,"Amazing Online",Active,Pre-paid,"NTTN, IIG",Upazila/Thana,,1,,No,"Md. Taher Bin Hossain","Team Israfil",Sarwar,"CS Azim",Nayeemur,Monira,,2026-04-01,,,No,
Live,012203060,"Amber IT Limited",Active,Post-paid,"NTTN, IIG",Nationwide,,1,,Yes,"Jannatul Nayem","Team Mitul",Azim,"CS Azim",Jubayar,Aftab,,2022-03-31,Done,2023-07-01,No,
Live,012203191,"Anik Computer & Networking",Active,Post-paid,"NTTN, IIG, NIX",Divisional,1st,1,,Yes,"Abul Khayer Md. Fahad","Team Fahad",Shareef,"CS Tarikul",Ejaz,Aftab,2017-04-01,2014-04-01,Done,2026-02-08,No,
Live,012203124,"Antaranga Dot Com Limited",Active,Pre-paid,"NTTN, IIG",Nationwide,1st,1,Yes,Yes,"Rubaiyat Rahman","Team Jahirul",Anik,"CS Tarikul",Tanim,Aftab,2015-06-18,2023-03-12,Done,2023-07-01,No,
Live,012104637,"Apple Net",Active,Pre-paid,"NTTN, IIG","Category - A",,1,,No,"Tabassom Tamanna Haque","Team Abid",Hasan,"CS Shehave",Waly,Mahbub,2021-03-15,2021-03-15,Done,2026-12-11,No,
Live,012107066,"AS Online",Active,Pre-paid,IIG,"Thana - ISP",,1,,No,"Md.Noor Hossain","Team Israfil",Mehedi,"CS Azim",N/A,Monira,,2023-11-01,Done,2024-03-26,No,
Live,012204861,"Ashan Online",Active,Pre-paid,"NTTN, IIG",Upazila/Thana,,1,,No,"Mollick Tanzim Akhtar","Team Mosabbir",Asif,"CS Shehave",Nayeemur,Tawhid,,2025-10-11,,,No,
Live,012003135,"Asia Pacific Communication Ltd.",Active,Pre-paid,NTTN,Nationwide,,0.73784951389932485,,Yes,"Syed Shihab Rahman","Team Abid",Shohag,"CS Mithun",Ejaz,N/A,2011-12-11,,Done,2026-10-22,No,
Live,012204674,"Asian City Online (BD) Ltd",Active,Pre-paid,"NTTN, IIG",District,,1,,Yes,"Jahirul Islam","Team Jahirul",Hasnat,"CS Azim",Ejaz,Monira,2024-03-03,2024-02-20,WIP,2027-09-14,No,
Live,012518357,"Asianet online Services",Active,Pre-paid,"NTTN, IIG",Upazila/Thana,,1,,Yes,"Nubuiya Mahfuz Naimee","Team Fahad",Hasan,"CS Shehave",Nayeemur,Monira,,2025-11-01,,,No,
Live,012212821,"Astha Networks",Active,Pre-paid,"NTTN, IIG","Thana - ISP",,1,,Yes,"Md. Shamrat Shahriar","Team Ryhan",Shareef,"CS Tarikul",Ejaz,Tawhid,,2022-12-01,Done,2027-04-28,No,
Live,012208268,"ATS Technology",Active,Pre-paid,"NTTN, IIG","Thana - ISP",,1,,Yes,"Md. Mustafijur Rahman Shishir","Team Mitul",Ehsanul,"CS Mithun",Waly,Tawhid,2025-01-24,2024-06-26,Done,2023-07-10,No,
Live,012106902,"Automation System",Active,Pre-paid,"IIG, NTTN",District,,1,,Yes,"Jannatul Nayem","Team Mitul",Khairul,"CS Tarikul",Nayeemur,Mahbub,2025-03-09,2022-02-02,Done,2027-05-10,No,
Live,012418287,"AXIS HOSTED",Active,Pre-paid,"NTTN, IIG",Divisional,,1,,Yes,"Md. Mezbah Uddin Chy","Team Sakib",Hasan,"CS Shehave",Ejaz,Mahbub,2025-01-22,2025-06-06,Done,2028-05-22,No,
Live,012207202,"AXN Online",Active,Pre-paid,"NTTN, IIG","Category - A",,1,,No,"Md. Taher Bin Hossain","Team Israfil",Asif,"CS Shehave",Ejaz,Mahbub,2023-03-01,2023-03-01,Done,2024-09-23,No,
Live,012309592,"Ayan Network",Active,Pre-paid,"NTTN, IIG","Thana - ISP",,1,,No,"Rubaiyat Rahman","Team Jahirul",Mehedi,"CS Azim",Ejaz,Mahbub,2023-10-02,2022-11-12,Done,2026-10-30,No,
Live,012318169,"B. Baria Online",Active,Pre-paid,"NTTN, IIG",District,,0.96286397341417018,,No,"Md.Noor Hossain","Team Israfil",Khairul,"CS Tarikul",Waly,Aftab,2024-12-06,2024-12-06,Done,2026-10-31,No,
Live,012318150,"Baliakandi Online",Active,Pre-paid,"NTTN, IIG","Thana - ISP",,1,,No,Ashak-A-Mahbub,"Team Abid",Hasnat,"CS Azim",Ejaz,Tawhid,2023-12-01,2023-12-01,Done,2024-07-31,No,
Live,012418231,"Bandhu Network System",Active,Pre-paid,NTTN,Upazila/Thana,,1,,Yes,"Md. Mahin Alam","Team Abid",Ehsanul,"CS Mithun",Nayeemur,N/A,,,,,No,
Live,042303214,"Bangla ICX Ltd.",Active,Post-paid,NTTN,ICX,,1,,No,"Mollick Tanzim Akhtar","Team Mosabbir",Shohag,"CS Mithun",Tanim,N/A,2012-09-14,,Done,2027-04-12,No,
Live,042203238,"Bangla Telecom Ltd.",Active,Post-paid,NTTN,ICX,,1,,No,"Nubuiya Mahfuz Naimee","Team Fahad",Khairul,"CS Tarikul",Tanim,N/A,2012-10-15,,Done,2027-04-11,No,
Live,062303165,"Bangla Trac Communications Ltd",Active,Post-paid,NTTN,Nationwide,,1,,Yes,"Mollick Tanzim Akhtar","Team Mosabbir",Sarwar,"CS Azim",Tanim,N/A,2014-01-25,,Done,2022-12-29,No,
Live,012209315,Bangla-52,Active,Pre-paid,"NTTN, IIG","Thana - ISP",,1,,No,"Md. Fazle Rabbi","Team Sujon",Khairul,"CS Tarikul",,Tawhid,2024-09-01,2022-11-01,Done,2027-03-19,No,
Live,012203088,"Bangladesh Export Import Company Ltd.",Active,Post-paid,"NTTN, IIG",Nationwide,,1,,Yes,"Mollick Tanzim Akhtar","Team Mosabbir",Anik,"CS Tarikul",Jubayar,Aftab,,2024-10-22,Done,2024-08-31,No,
Live,062003239,"Bangladesh International Gateway Ltd.",Active,Post-paid,NTTN,IGW,,0.99998737230240808,,Yes,"Md. Taher Bin Hossain","Team Israfil",Shohag,"CS Mithun",Tanim,N/A,2013-01-09,,Done,2027-04-11,No,
Live,012518359,"Bangladesh Internet Exchange Trust (BDIX)",Active,Pre-paid,NTTN,NIX,,0.17595666269238192,,Yes,"Md.Israfil Khan","Team Israfil",Khairul,"CS Tarikul",Nayeemur,N/A,,,,,No,
Live,012318161,"Bangladesh Star Net (BDS-Net)",Active,Pre-paid,"NTTN, IIG","Thana - ISP",,1,,Yes,"K.M. Mazharul Islam","Team Mosabbir",Hasnat,"CS Azim",Ejaz,Monira,2024-02-26,2024-02-26,Done,2024-02-03,No,
Live,012004551,"BAS Network",Active,Pre-paid,"NTTN, IIG",Divisional,1st,1,,Yes,"Sadia Nowshin Farin","Team Talha",Asif,"CS Shehave",Ejaz,Tawhid,2019-09-28,2019-09-28,Done,2024-07-20,No,
Live,012107073,"BCL Online Service",Active,Pre-paid,"NTTN, IIG",Divisional,,1,,Yes,"Rubaiyat Rahman","Team Jahirul",Hasnat,"CS Azim",Nayeemur,Tawhid,2024-03-27,2024-05-01,Done,2027-05-29,No,
Live,012206872,"BD Networks",Active,Pre-paid,"NTTN, IIG",Divisional,,1,,Yes,"Md Mohsin Sujon","Team Sujon",Shohag,"CS Mithun",Nayeemur,Mahbub,,2021-12-31,Done,2024-01-16,No,
Live,012203054,"BDCOM Online Ltd.",Active,Pre+Post-paid,"NTTN, IIG",Nationwide,1st,1,,Yes,"Jahirul Islam","Team Jahirul",Shareef,"CS Tarikul",Ejaz,Aftab,2013-10-21,2016-01-01,Expired,2026-11-11,No,
Live,032303167,"bdHUB Limited",Active,Post-paid,"NTTN, ITC",IIG,,1,,Yes,"Jannatul Nayem","Team Mitul",Azim,"CS Azim",Jubayar,Jubayar,2021-03-18,2016-03-23,Done,2027-04-01,No,
Live,012104655,"Beacon Link",Active,Pre-paid,"IIG, NTTN","Category - A",,0.93073133226096894,,Yes,"Syed Shihab Rahman","Team Abid",Sarwar,"CS Azim",Ejaz,Mahbub,2025-03-16,2021-04-01,Done,2023-05-05,No,
Live,012209338,"Bee Online",Active,Pre-paid,"NTTN, IIG",Divisional,,0.96764750750441353,,Yes,"Rubaet Bin Hasan","Team Jahirul",Naznin,"CS Shehave",Nayeemur,Mahbub,2023-05-22,2022-06-02,Done,2027-06-06,No,
Live,012203446,"Belal IT",Active,Pre-paid,"NTTN, IIG",District,,0.99623609550168268,,No,"Mushfek Arefin","Team Mosabbir",Anik,"CS Tarikul",Ejaz,Mahbub,2022-10-12,2022-10-12,Done,2023-02-24,No,
Live,012104738,"Benapole Net",Active,Pre-paid,"NTTN, IIG","Category - C",,1,,Yes,"Md. Shamrat Shahriar","Team Ryhan",Hasan,"CS Shehave",Ejaz,Mahbub,2021-09-14,2021-09-11,Done,2023-04-06,No,
Live,012104729,"Bengal Broadband Ltd.",Active,Pre-paid,"NTTN, IIG",Nationwide,,1,,Yes,"Sadia Nowshin Farin","Team Talha",Sarwar,"CS Azim",Ejaz,Tawhid,,2021-08-31,0,2023-01-15,No,
Live,022004611,"Bengal Communications Ltd.",Active,Post-paid,NTTN,"Cable TV",,0.99999705345909162,,No,"Abu Talha Shawon","Team Talha",Sarwar,"CS Azim",Tanim,N/A,2020-06-01,,Expired,2024-12-31,No,
Live,012317088,"Best Online",Active,Pre-paid,"NTTN, IIG","Thana - ISP",,1,,No,"Sadia Nowshin Farin","Team Talha",Anik,"CS Tarikul",Ejaz,Tawhid,2023-11-01,2023-11-01,Done,2026-11-13,No,
Live,012204474,"Beximco Communications Limited",Active,Post-paid,NTTN,DTH,,1,,Yes,"Md. Fazle Rabbi","Team Sujon",Asif,"CS Shehave",Jubayar,N/A,2019-05-19,,Done,2025-12-31,No,
Live,062203294,"BG Tel Limited",Active,Post-paid,ITC,IGW,,0.88697720467497343,,Yes,"Md Mohsin Sujon","Team Sujon",Mehedi,"CS Azim",N/A,Jubayar,,2017-08-12,0,2027-04-11,No,
Live,012204745,"Bhaluka Broadband Internet Service",Active,Pre-paid,"NTTN, IIG","Thana - ISP",,1,,Yes,"Nubuiya Mahfuz Naimee","Team Fahad",Hasnat,"CS Azim",Waly,Monira,2024-05-01,2024-05-01,Done,2024-01-16,No,
Live,012106873,"Bhola Dot Net",Active,Pre-paid,"NTTN, IIG",Divisional,,1,,Yes,"K.M. Mazharul Islam","Team Mosabbir",Ehsanul,"CS Mithun",Tanim,Monira,2024-02-24,2024-02-24,Done,2025-01-20,No,
Live,012208224,"Bhuiyan Telecom",Active,Pre-paid,"NTTN, IIG",Divisional,,1,,Yes,"Toukir Azam Chowdhury","Team Sujon",Hasan,"CS Shehave",Nayeemur,Monira,2022-10-19,2022-06-17,Done,2026-03-05,No,
Live,012312944,"Bhurungamari Broadband Network (BBN)",Active,Pre-paid,"NTTN, IIG","Thana - ISP",,1,,No,"Md. Shahinur Islam Saju","Team Mosabbir",Asif,"CS Shehave",Waly,Mahbub,2023-02-13,2023-02-13,Done,2027-08-01,No,
Live,012104526,"Bicolpo Computer",Active,Pre-paid,"NTTN, IIG",Divisional,,1,,No,"Md. Shamrat Shahriar","Team Ryhan",Ehsanul,"CS Mithun",Ejaz,Tawhid,2021-06-01,2021-09-23,Done,2024-04-01,No,
Live,012203065,"Bijoy Online Limited",Active,Post-paid,"NTTN, IIG",Nationwide,1st,1,,Yes,"Syed Shihab Rahman","Team Abid",Hasan,"CS Shehave",Tanim,Aftab,2013-10-13,2025-09-04,Done,2023-11-11,No,
Live,012518323,"Binimoy Cyber Net",Active,Pre-paid,IIG,Upazila/Thana,,1,,No,"Md. Mostafizur Rahman","Team Fahad",Hasan,"CS Shehave",N/A,Aftab,,2025-03-21,Done,2027-05-30,No,
Live,012203347,"Bismilla Enterprise",Active,Post-paid,"NTTN, IIG",Divisional,1st,1,,Yes,"Md. Mostafizur Rahman","Team Fahad",Shohag,"CS Mithun",Tanim,Aftab,2018-05-11,2021-07-11,Done,2023-01-27,No,
Live,012317122,"Bismillah IT Solution",Active,Pre-paid,"NTTN, IIG","Thana - ISP",,1,,Yes,"Md. Taher Bin Hossain","Team Israfil",Ehsanul,"CS Mithun",Nayeemur,Monira,2024-02-27,2024-02-27,Done,2023-05-15,No,
Live,012418198,"Bismillah Telecom Service",Active,Pre-paid,NTTN,Nationwide,,1,,Yes,"Rubaiyat Rahman","Team Jahirul",Shohag,"CS Mithun",Ejaz,N/A,2019-09-30,,Done,2023-01-07,No,
Live,012004532,"BIT Network",Active,Pre-paid,"NTTN, IIG",Divisional,,1,,Yes,Ashak-A-Mahbub,"Team Abid",Ehsanul,"CS Mithun",Nayeemur,Monira,2020-11-08,2024-06-01,Done,2023-09-15,No,
Live,012203433,"BKB Network",Active,Post-paid,IIG,Divisional,Both,1,Yes,Yes,"Jannatul Nayem","Team Mitul",Naznin,"CS Shehave",Tanim,Aftab,,2020-03-24,Done,2023-01-14,No,
Live,012204573,"Blue Net Communication Jv Limited",Active,Pre+Post-paid,"NTTN, IIG",Nationwide,,1,,Yes,"Tabassom Tamanna Haque","Team Abid",Naznin,"CS Shehave",Ejaz,Monira,2019-12-02,2020-05-31,Done,2024-10-12,No,
Live,012308261,"Bogra Broadband Communication System",Active,Pre-paid,"NTTN, IIG","Thana - ISP",,1,,No,"S.M. Tanvir Rahman","Team Jahirul",Ehsanul,"CS Mithun",Nayeemur,Mahbub,2022-05-15,2022-05-15,Done,2027-07-03,No,
Live,012104652,"Bogra Info. Com",Active,Pre-paid,"NTTN, IIG",District,,1,,No,"S.M. Tanvir Rahman","Team Jahirul",Hasan,"CS Shehave",Waly,Mahbub,2021-04-01,2021-04-01,Done,2028-03-22,No,
Live,012104672,"Boishakhi Satellite & Internet",Active,Pre-paid,"NTTN, IIG",Upazila/Thana,,1,,No,"Md. Neamul Islam","Team Abid",Ehsanul,"CS Mithun",Nayeemur,Monira,,2026-04-01,,,No,
Live,012303358,"Bol System",Active,Pre-paid,"NTTN, IIG",Divisional,,1,,No,"S.M. Tanvir Rahman","Team Jahirul",Naznin,"CS Shehave",Tanim,Aftab,2018-04-10,2018-04-10,Done,2023-01-15,No,
Live,012204785,"Bondhon Communication",Active,Pre-paid,"NTTN, IIG","Category - A",,1,,No,"Md. Mustafijur Rahman Shishir","Team Mitul",Shohag,"CS Mithun",,Mahbub,2024-11-01,2024-05-10,Done,2025-01-04,No,
Live,012313004,"Borendro Online",Active,Pre-paid,"NTTN, IIG",District,,1,,No,"Md. Sohel Rana","Team Jahirul",Hasan,"CS Shehave",Tanim,Monira,2023-09-21,2023-09-21,Done,2028-08-03,No,
Live,012203170,"Bot-tola Cyber Net",Active,Pre-paid,"NTTN, IIG",Divisional,,1,,No,"Tabassom Tamanna Haque","Team Abid",Anik,"CS Tarikul",Tanim,Mahbub,2015-03-27,2022-10-31,Done,2027-06-06,No,
Live,012203082,"BRACNet Limited",Active,Post-paid,"NTTN, IIG",Nationwide,1st,1,,Yes,"Partha Pratim Sarkar","Team Jahirul",Sarwar,"CS Azim",Tanim,Aftab,2010-12-15,2017-12-01,Done,2021-11-25,No,
Live,012107075,"Bright Star Network",Active,Pre-paid,IIG,"Thana - ISP",,1,,Yes,"Md. Mahin Alam","Team Abid",Mehedi,"CS Azim",Ejaz,Monira,,2023-11-26,Done,2023-09-12,No,
Live,012103077,"Bright Technologies Limited",Active,Pre-paid,"NTTN, IIG",Nationwide,,1,,No,"Md. Abid Hasan","Team Abid",Hasan,"CS Shehave",Waly,Mahbub,2014-10-01,2024-02-07,Done,2019-08-25,No,
Live,012204582,"Brisk Systems",Active,Pre-paid,"NTTN, IIG",Divisional,1st,1,,Yes,"Tabassom Tamanna Haque","Team Abid",Shareef,"CS Tarikul",Ejaz,Tawhid,,2026-01-08,Done,2028-01-07,No,
Live,012303076,"Broad Band Telecom Services Limited",Active,Post-paid,"NTTN, IIG",Nationwide,1st,1,,Yes,"Md. Mustafijur Rahman Shishir","Team Mitul",Mehedi,"CS Azim",Jubayar,Aftab,,2014-07-07,Done,2026-11-19,No,
Live,012204462,"Brother's ICT Connectivity",Active,Pre-paid,"NTTN, IIG",District,,1,,Yes,"Md.Mominul Islam","Team Fahad",Shareef,"CS Tarikul",Nayeemur,Monira,2022-12-08,2024-12-31,Done,2023-06-30,No,
Live,012418219,"Brothers IT",Active,Pre-paid,"NTTN, IIG","Thana - ISP",,1,,No,"S.M. Tanvir Rahman","Team Jahirul",Khairul,"CS Tarikul",Nayeemur,Monira,2024-06-16,2024-07-16,Done,2023-10-01,No,
Live,012203368,"Brothers Online",Active,Post-paid,"NTTN, IIG",Divisional,1st,1,,No,"SK Sanaullah","Team Ryhan",Mithun,"CS Mithun",Tanim,Aftab,2018-05-01,2018-05-01,Done,2023-03-10,No,
Live,012203063,"BTS Communications (BD) Limited",Active,Post-paid,"NTTN, IIG",Nationwide,1st,0,,Yes,"Nubuiya Mahfuz Naimee","Team Fahad",Sarwar,"CS Azim",Ejaz,Aftab,2012-12-24,2024-11-01,Done,2023-02-24,No,
Live,012203346,"Business Network",Active,Pre-paid,"NTTN, IIG",Nationwide,1st,1,Yes,Yes,"Ryhanul Islam Khan","Team Ryhan",Mithun,"CS Mithun",Waly,Aftab,2018-02-01,2024-05-30,Done,2023-11-28,No,
Live,012312988,"Business Zone Limited",Active,Pre-paid,"NTTN, IIG",Nationwide,1st,1,,Yes,"Md Mohsin Sujon","Team Sujon",Shohag,"CS Mithun",Ejaz,Mahbub,2018-10-03,2024-01-18,Done,2021-12-14,No,
Live,012318151,"C1 Communication",Active,Pre-paid,"NTTN, IIG","Category - C",,1,,No,"Md. Mustafijur Rahman Shishir","Team Mitul",Hasnat,"CS Azim",Waly,Monira,2023-12-21,2023-12-21,Done,2024-03-02,No,
Live,012204677,Cafe-7040,Active,Pre-paid,"NTTN, IIG","Category - C",,1,,Yes,"Md. Shamrat Shahriar","Team Ryhan",Hasan,"CS Shehave",Waly,Monira,2021-06-01,2021-06-01,Done,2023-04-24,No,
Live,012312738,"Central Internet Link",Active,Pre-paid,"NTTN, IIG","Thana - ISP",,1,,No,"Rubaet Bin Hasan","Team Jahirul",Asif,"CS Shehave",Waly,Mahbub,2023-03-16,2023-03-16,Done,2023-01-30,No,
Live,012212822,Central@linknet,Active,Pre-paid,"NTTN, IIG",Upazila/Thana,,1,,No,"Mushfek Arefin","Team Mosabbir",Khairul,"CS Tarikul",Nayeemur,Mahbub,,2026-03-14,,,No,
Live,012107077,"Century. Link Network",Active,Pre-paid,"NTTN, IIG","Thana - ISP",,1,,Yes,"Md. Mahin Alam","Team Abid",Shohag,"CS Mithun",Waly,Aftab,2024-11-13,2024-11-13,Done,2024-03-09,No,
Live,012318148,"Chandgaon Net Communication",Active,Pre-paid,IIG,Upazila/Thana,,1,,Yes,"Md. Mezbah Uddin Chy","Team Sakib",Shohag,"CS Mithun",N/A,Monira,,2023-11-28,,,No,
Live,012317099,"Cherry Enterprise",Active,Pre-paid,"NTTN, IIG",District,,1,,No,"Asif Ahamed Dipu","Team Ryhan",Shohag,"CS Mithun",Ejaz,Aftab,2023-11-18,2024-10-15,Done,2027-04-20,No,
Live,012303406,"Chittagong Data Communication",Active,Pre-paid,"NTTN, IIG",Nationwide,,0.61040775192841423,,Yes,"Mosabbir Hussain","Team Mosabbir",Sarwar,"CS Azim",Ejaz,Aftab,2020-07-01,2021-06-25,Done,2023-01-17,No,
Live,012518324,"Chittagong Focus Online",Active,Pre-paid,"NTTN, IIG",Upazila/Thana,,1,,Yes,"Md. Mezbah Uddin Chy","Team Sakib",Mehedi,"CS Azim",Nayeemur,Aftab,2025-03-16,2025-03-16,Done,2028-04-24,No,
Live,012103356,"Chittagong Multi Channel Ltd.",Active,Post-paid,"NTTN, IIG",Divisional,Both,1,Yes,Yes,"Tasnim Rahman Nafis","Team Sakib",Shohag,"CS Mithun",Tanim,Aftab,2018-03-13,2018-03-12,Done,2025-12-07,No,
Live,012203120,"Chittagong Online Limited",Active,Post-paid,"NTTN, IIG",Divisional,,1,,Yes,"Md. Sakib Aziz","Team Sakib",Naznin,"CS Shehave",Tanim,Aftab,2013-03-09,2013-03-01,Done,2027-06-23,No,
Live,012104488,"Chittagong Telecom Services Ltd.",Active,Pre-paid,"NTTN, IIG",Divisional,1st,1,,Yes,"Md. Sakib Aziz","Team Sakib",Hasan,"CS Shehave",Tanim,Mahbub,2019-02-05,2023-06-01,Done,2025-10-05,No,
Live,012003051,"Circle Network",Active,Post-paid,"NTTN, IIG",Nationwide,,1,,Yes,"Ryhanul Islam Khan","Team Ryhan",Azim,"CS Azim",Tanim,Aftab,2015-05-25,2016-04-21,Done,2021-02-28,No,
Live,012204782,"City Com Network",Active,Pre-paid,"NTTN, IIG",District,,1,,Yes,"Rubaet Bin Hasan","Team Jahirul",Hasan,"CS Shehave",Ejaz,Mahbub,2022-11-01,2021-10-01,Done,2027-07-24,No,
Live,012204844,"City Link Communication",Active,Pre-paid,"NTTN, IIG",Upazila/Thana,,1,,Yes,"Md. Mahin Alam","Team Abid",Mehedi,"CS Azim",Waly,Aftab,2025-01-01,2025-01-01,Done,2023-07-15,No,
Live,012209565,"City Net Communication",Active,Pre-paid,"NTTN, IIG","Thana - ISP",,1,,No,"Rubaiyat Rahman","Team Jahirul",Asif,"CS Shehave",Waly,Mahbub,2023-10-23,2023-02-13,Done,2023-05-05,No,
Live,011803452,"City Online Limited",Active,Pre-paid,"NTTN, IIG",Divisional,,1,,Yes,"Abul Khayer Md. Fahad","Team Fahad",Hasan,"CS Shehave",Nayeemur,Monira,2023-09-01,2023-09-01,Done,2026-01-04,No,
Live,012318149,"Click Earth Online",Active,Pre-paid,"NTTN, IIG",District,,1,,Yes,"Md. Sakib Aziz","Team Sakib",Shohag,"CS Mithun",Waly,Monira,2023-11-28,2023-11-27,Done,2027-09-21,No,
Live,012003362,"Cnet Broadband",Active,Post-paid,"NTTN, IIG",Divisional,,1,,Yes,"Md. Shamrat Shahriar","Team Ryhan",Asif,"CS Shehave",Ejaz,Mahbub,2018-05-09,2022-06-30,Done,2023-06-02,No,
Live,012204619,"Cogent Broadband",Active,Post-paid,"NTTN, IIG",Divisional,,1,,Yes,"SK Sanaullah","Team Ryhan",Tarikul,"CS Tarikul",Waly,Aftab,2020-11-01,2022-04-02,Done,2026-10-27,No,
Live,012004499,"Combined Soft",Active,Post-paid,"NTTN, IIG",Divisional,1st,1,,Yes,"Mosabbir Hussain","Team Mosabbir",Mehedi,"CS Azim",Waly,Monira,2019-02-28,2019-02-28,Done,2023-12-19,No,
Live,012212855,"Comfort Solutions",Active,Pre-paid,NTTN,District,,1,,Yes,"Rubaet Bin Hasan","Team Jahirul",Tarikul,"CS Tarikul",Waly,,2017-04-01,2016-07-05,Done,2026-05-17,No,
Live,011903099,"Computer Complex Network",Active,Pre-paid,"NTTN, IIG",Divisional,,1,,No,"Md. Shamrat Shahriar","Team Ryhan",Ehsanul,"CS Mithun",Ejaz,Aftab,2017-04-01,2016-07-05,Done,2026-05-17,No,
Live,012204759,"Computer Future",Active,Pre-paid,"NTTN, IIG","Category - C",,1,,Yes,"Md. Mostafizur Rahman","Team Fahad",Anik,"CS Tarikul",Waly,Mahbub,2022-07-21,2021-09-26,Done,2023-07-22,No,
Live,012518363,"Connect 3",Active,Pre-paid,"NTTN, IIG",Upazila/Thana,,1,,Yes,"Md. Sakib Aziz","Team Sakib",Shehave,"CS Shehave",Nayeemur,Monira,,2025-12-31,,,No,
Live,112003074,"Coronet Corporation Ltd",Active,Post-paid,NTTN,IIG,,#DIV/0!,,Yes,"MD. Abu  Sayeed","Team Mitul",Mithun,"CS Mithun",Waly,N/A,,,Done,2027-04-11,No,
Live,012203154,"Cosmopolitan Communications Limited",Active,Post-paid,"NTTN, IIG",Nationwide,,1,Yes,No,"Md.Noor Hossain","Team Israfil",Khairul,"CS Tarikul",Waly,Aftab,2027-06-02,2017-06-02,Done,2026-12-17,No,
Live,012418192,"Cox Link IT",Active,Pre-paid,"NTTN, IIG",Divisional,,0.73557863513619637,,Yes,"Md Mohsin Sujon","Team Sujon",Hasnat,"CS Azim",Tanim,Monira,2024-03-19,2024-03-19,Done,2024-03-23,No,
Live,012209500,CROWN,Active,Pre-paid,"NTTN, IIG","Thana - ISP",,1,,No,"Rubaiyat Rahman","Team Jahirul",Ehsanul,"CS Mithun",Ejaz,Mahbub,2022-09-01,2022-09-01,Done,2027-03-21,No,
Live,012318152,"CTG NET",Active,Pre-paid,IIG,"Thana - ISP",,1,,No,"Tasnim Rahman Nafis","Team Sakib",Hasnat,"CS Azim",N/A,Monira,,2023-11-30,Done,2023-07-15,No,
Live,012104671,"Cyber Hub Ltd",Active,Pre-paid,"NTTN, IIG","Thana - ISP",,0.9289906488730274,,Yes,"Md Mohsin Sujon","Team Sujon",Hasnat,"CS Azim",Waly,Monira,2024-11-05,2024-03-01,Done,2027-02-01,No,
Live,012209555,"Cyber Link Computer",Active,Pre-paid,"NTTN, IIG",Upazila/Thana,,1,,No,"Asif Ahamed Dipu","Team Ryhan",Shehave,"CS Shehave",Ejaz,Monira,,2025-10-01,,,No,
Live,012313007,"Cyber Net Communication",Active,Pre-paid,"NTTN, IIG","Thana - ISP",,1,,Yes,"Md. Mahin Alam","Team Abid",Shohag,"CS Mithun",Waly,Mahbub,2014-06-10,2023-06-01,Done,2023-10-22,No,
Live,012203383,"Cyber Solution BD",Active,Pre-paid,"NTTN, IIG",Divisional,,1,,Yes,"Md.Mominul Islam","Team Fahad",Hasan,"CS Shehave",Nayeemur,Monira,,2025-10-10,,,No,
Live,012207126,"D Net Service",Active,Post-paid,"NTTN, IIG","Category - C",,0.681234838372476,,Yes,"Md. Mahin Alam","Team Abid",Khairul,"CS Tarikul",Waly,Monira,2024-03-08,2023-09-01,Done,2027-01-10,No,
Live,012518326,"D.I.N Communication",Active,Pre-paid,"NTTN, IIG","Thana - ISP",,1,,No,"Sadia Nowshin Farin","Team Talha",Mehedi,"CS Azim",Ejaz,Monira,,2025-06-30,WIP,2027-04-06,No,
Live,012203118,"Daffodil Online Limited",Active,Post-paid,"NTTN, IIG",Nationwide,,1,,Yes,"Jannatul Nayem","Team Mitul",Naznin,"CS Shehave",Nayeemur,Monira,2018-09-18,2021-08-05,Done,2026-10-01,No,
Live,012312904,Daniel-24,Active,Pre-paid,"NTTN, IIG","Thana - ISP",,1,,No,"Umaya Afrin Priya","Team Mitul",Naznin,"CS Shehave",Nayeemur,Tawhid,2023-01-30,2023-01-30,Done,2027-05-25,No,
Live,012312952,"Dayan Net",Active,Pre-paid,"NTTN, IIG","Thana - ISP",,1,,No,"Jibeshwar Purakayastha","Team Talha",Hasnat,"CS Azim",Ejaz,Mahbub,2023-03-01,2023-03-01,Done,2028-01-15,No,
Live,012003329,"DB Technologies",Active,Pre-paid,NTTN,Nationwide,,1,,Yes,"Abu Talha Shawon","Team Talha",Shohag,"CS Mithun",Ejaz,N/A,2018-12-31,,Done,2026-11-21,No,
Live,012209646,"Decent Network",Active,Pre-paid,"IIG, NTTN","Thana - ISP",,1,,Yes,"Rubaiyat Rahman","Team Jahirul",Shareef,"CS Tarikul",Ejaz,Mahbub,,2025-05-08,Done,2026-10-30,No,
Live,112303301,"Delta Infocom Ltd.",Active,Post-paid,"NTTN, ITC",IIG,,1,,No,"Jahirul Islam","Team Jahirul",Shareef,"CS Tarikul",Jubayar,Jubayar,2021-03-01,2024-08-01,Done,2027-04-12,No,
Live,112103253,"Delta Software and Communication Limited",Active,Post-paid,"NTTN, IIG",Nationwide,,1,,Yes,"Ryhanul Islam Khan","Team Ryhan",Azim,"CS Azim",Tanim,Aftab,2014-11-20,2024-12-26,Done,2018-09-09,No,
Live,012104666,"Desh Communications",Active,Pre-paid,"NTTN, IIG",District,,1,,Yes,"Md Mohsin Sujon","Team Sujon",Ehsanul,"CS Mithun",Waly,Monira,2024-11-24,2024-07-01,0,2027-05-23,No,
Live,012304680,"Desh Net Broadband",Active,Post-paid,"NTTN, IIG",Divisional,,1,,Yes,"Md. Shahinur Islam Saju","Team Mosabbir",Shohag,"CS Mithun",Waly,Monira,2021-06-24,2021-06-24,Done,2028-03-14,No,
Live,012207114,"Dewan Dot Net",Active,Pre-paid,IIG,"Thana - ISP",,1,,Yes,"Tabassom Tamanna Haque","Team Abid",Azim,"CS Azim",N/A,Monira,,2024-10-17,Done,2024-03-17,No,
Live,012418201,"Dewan Enterprise",Active,Pre-paid,"NTTN, IIG",District,,1,,Yes,"Md. Shahinur Islam Saju","Team Mosabbir",Ehsanul,"CS Mithun",Ejaz,Monira,2024-04-21,2024-04-20,Done,2027-04-26,No,
Live,012107015,"Dhaka Fiber Link Ltd.",Active,Pre-paid,"NTTN, IIG",Divisional,Both,1,,Yes,"Md Mohsin Sujon","Team Sujon",Anik,"CS Tarikul",Ejaz,Aftab,2014-05-28,2024-11-28,Done,2023-07-20,No,
Live,012203172,"Dhaka Fiber Net Limited",Active,Post-paid,"NTTN, IIG",Nationwide,1st,1,,Yes,"Md.Israfil Khan","Team Israfil",Sarwar,"CS Azim",Ejaz,Aftab,2014-10-01,2014-09-20,Done,2023-09-12,No,
Live,012418206,"Dhaka Link Communication",Active,Pre-paid,"NTTN, IIG","Thana - ISP",,0.86436072086022298,,No,"Md Mohsin Sujon","Team Sujon",Hasnat,"CS Azim",Waly,Monira,2024-05-01,2024-05-01,Done,2024-03-20,No,
Live,022103096,"Digi Jadoo Broadband Ltd.",Active,Post-paid,NTTN,Nationwide,,1,,Yes,"Abu Talha Shawon","Team Talha",Shehave,"CS Shehave",Jubayar,Aftab,,2021-04-28,Done,2026-06-15,No,
Live,012206996,"Digi Net",Active,Pre-paid,"NTTN, IIG","Thana - ISP",,1,,Yes,"Umaya Afrin Priya","Team Mitul",Hasnat,"CS Azim",Waly,Aftab,,2025-02-21,Done,2024-09-08,No,
Live,062003254,"DigiCon Telecommunication Ltd.",Active,Post-paid,"NTTN, ITC",Nationwide,,1,,Yes,"Syed Shihab Rahman","Team Abid",Mithun,"CS Mithun",Tanim,Jubayar,2014-05-01,2015-06-04,Done,2027-04-12,No,
Live,012107125,"Digital Communication",Active,Pre-paid,IIG,"Thana - ISP",,1,,Yes,"Kawsar Ahammed Siddiki","Team Israfil",Hasnat,"CS Azim",N/A,Monira,,2024-07-01,Done,2021-11-28,No,
Live,012205861,"Digital Dot Net",Active,Pre-paid,NTTN,Divisional,,1,,Yes,"Md. Sakib Aziz","Team Sakib",Mehedi,"CS Azim",Waly,N/A,2021-12-02,,Done,2023-12-12,No,
Live,012204575,"Digital Net BD",Active,Pre-paid,"NTTN, IIG",Divisional,,1,,Yes,Ashak-A-Mahbub,"Team Abid",Ehsanul,"CS Mithun",Ejaz,Mahbub,,2026-02-27,Done,2024-11-23,No,
Live,012207022,"Digital Think Online & Network System",Active,Pre-paid,"NTTN, IIG","Thana - ISP",,1,,No,"Md.Israfil Khan","Team Israfil",Hasnat,"CS Azim",Waly,Monira,2024-08-16,2024-08-16,Done,2023-04-21,No,
Live,012518335,"Dinajpur Online",Active,Pre-paid,"NTTN, IIG",District,,1,,No,"Mushfek Arefin","Team Mosabbir",Asif,"CS Shehave",Ejaz,Monira,,2025-07-03,Done,2028-07-24,No,
Live,012004467,"Discovery Internet",Active,Pre-paid,"NTTN, IIG",Divisional,,1,,Yes,"Jahirul Islam","Team Jahirul",Khairul,"CS Tarikul",Waly,Mahbub,2018-12-02,2018-12-01,Expired,2026-08-26,No,
Live,012204507,Dnet,Active,Pre-paid,"NTTN, IIG",District,,1,,Yes,"Md.Mominul Islam","Team Fahad",Hasan,"CS Shehave",Tanim,Monira,2024-03-31,2024-03-31,Done,2024-03-18,No,
Live,012004480,DNSBD,Active,Pre-paid,"NTTN, IIG",Divisional,,1,,Yes,"Md. Fahim Ahmed","Team Ryhan",Shareef,"CS Tarikul",Ejaz,Tawhid,2019-11-19,2021-06-01,Done,2023-11-24,No,
Live,012104754,"Doronto Information Technology (DIT)",Active,Pre-paid,"NTTN, IIG","Thana - ISP",,1,,Yes,"Md. Mahin Alam","Team Abid",Shareef,"CS Tarikul",,Mahbub,,2021-10-01,Done,2024-04-14,No,
Live,012303425,"Dot Internet",Active,Pre-paid,"NTTN, IIG",Divisional,1st,1,,Yes,"Umaya Afrin Priya","Team Mitul",Naznin,"CS Shehave",Ejaz,Mahbub,2019-01-01,2021-01-31,Done,2028-09-04,No,
Live,012312935,"Dour Net",Active,Pre-paid,"NTTN, IIG","Thana - ISP",,1,,No,"Md. Mahin Alam","Team Abid",Asif,"CS Shehave",Ejaz,Mahbub,2023-02-02,2023-02-02,Done,2024-07-31,No,
Live,012618364,"Dream Solution Networks",Active,Pre-paid,IIG,Upazila/Thana,,0,,No,"Maksudul Karim","Team Maksudul",Sarwar,"CS Azim",N/A,Mahbub,,,,,No,
Live,012209525,"Dream Touch Online",Active,Pre-paid,"NTTN, IIG","Thana - ISP",,1,,Yes,"Umaya Afrin Priya","Team Mitul",Hasnat,"CS Azim",Nayeemur,Tawhid,2024-02-21,2023-12-15,Done,2023-05-15,No,
Live,012104847,Dream.Net,Active,Pre-paid,"NTTN, IIG",District,,1,,Yes,"Toukir Azam Chowdhury","Team Sujon",Khairul,"CS Tarikul",Nayeemur,Monira,2025-03-19,2023-12-21,Done,2026-11-30,No,
Live,012303256,"Dtech Online Limited",Active,Post-paid,"NTTN, IIG",Divisional,1st,0.56720561512933321,,Yes,"Toukir Azam Chowdhury","Team Sujon",Hasnat,"CS Azim",Tanim,Aftab,2012-01-04,2013-11-20,Done,2026-09-18,No,
Live,012104704,"Dupchanchia Online",Active,Pre-Paid,"NTTN, IIG",District,,1,,No,"S.M. Tanvir Rahman","Team Jahirul",Hasan,"CS Shehave",Tanim,Mahbub,2022-11-15,2022-11-15,Done,2026-10-11,No,
Live,012204763,"Duranta Online Limited",Active,Pre-Paid,"NTTN, IIG",District,,1,,No,"Mollick Tanzim Akhtar","Team Mosabbir",Shohag,"CS Mithun",Nayeemur,Tawhid,2021-11-01,2021-10-31,Done,2026-10-29,No,
Live,012207220,"Duranto Broadband Network",Active,Pre-Paid,IIG,Upazila/Thana,,1,,Yes,"Md. Mustafijur Rahman Shishir","Team Mitul",Asif,"CS Shehave",N/A,Monira,,2026-04-01,,,No,
Live,012207155,"Duronto Online",Active,Pre-Paid,"NTTN, IIG","Category - A",,1,,Yes,"Rubaiyat Rahman","Team Jahirul",Hasnat,"CS Azim",Ejaz,Tawhid,2024-03-11,2024-03-11,Done,2015-09-23,No,
Live,112203147,"Earth Telecommunication (Pvt) Ltd.",Active,Post-paid,"NTTN, ITC",IIG,,1,Yes,Yes,"Abul Khayer Md. Fahad","Team Fahad",Tarikul,"CS Tarikul",Jubayar,Jubayar,2013-02-01,2013-11-05,Done,2027-04-11,No,
Live,012203349,"Earth Zone Internet Service",Active,Pre-paid,NTTN,Divisional,,1,,No,"S.M. Tanvir Rahman","Team Jahirul",Khairul,"CS Tarikul",Nayeemur,N/A,,,,,No,
Live,012209591,"EDGE Speed",Active,Pre-paid,"NTTN, IIG",District,,1,,Yes,"Asif Ahamed Dipu","Team Ryhan",Mithun,"CS Mithun",Ejaz,Monira,2023-11-18,2023-11-18,Done,2027-04-20,No,
Live,012003434,"Efte Trading Corporation Limited",Active,Post-paid,"NTTN, IIG",Divisional,,1,,No,"K.M. Mazharul Islam","Team Mosabbir",Shohag,"CS Mithun",Ejaz,Monira,2018-09-18,2023-09-21,Done,2023-02-27,No,
Live,022203318,"Ekush Cable Network",Active,Post-paid,NTTN,"Cable TV",,0.99107600691167796,,No,"Md. Fazle Rabbi","Team Sujon",Shohag,"CS Mithun",Nayeemur,N/A,2011-05-01,,Done,2024-12-31,No,
Live,012317114,"Elenga Dot Net",Active,Pre-paid,"NTTN, IIG","Thana - ISP",,1,,No,"Md.Mominul Islam","Team Fahad",Hasan,"CS Shehave",Waly,Monira,2023-12-02,2023-12-01,Done,2023-02-07,No,
Live,012003412,"Enjoy Network",Active,Post-paid,"NTTN, IIG",Divisional,,0.69662986702485608,,No,"K.M. Mazharul Islam","Team Mosabbir",Hasnat,"CS Azim",Nayeemur,Tawhid,2018-09-24,2018-09-23,Done,2023-01-17,No,
Live,012003183,"EUROTelbd Online Ltd.",Active,Post-paid,"NTTN, IIG",Divisional,1st,1,,Yes,"K.M. Mazharul Islam","Team Mosabbir",Tarikul,"CS Tarikul",Ejaz,Aftab,2016-08-01,2015-03-04,Expired,2023-05-27,No,
Live,012208231,E-Village,Active,Pre-paid,IIG,"Category - B",,1,,Yes,"Tasnim Rahman Nafis","Team Sakib",Hasnat,"CS Azim",N/A,Mahbub,,2022-04-06,Done,2023-04-11,No,
Live,012208249,"Evolution Net",Active,Pre-paid,"NTTN, IIG",District,,1,,Yes,"Tabassom Tamanna Haque","Team Abid",Ehsanul,"CS Mithun",Ejaz,Monira,2023-11-06,2023-12-03,Done,2026-10-25,No,
Live,112312977,"Exabyte Ltd",Active,Post-paid,NTTN,IIG,,1,,Yes,"Md. Sakib Aziz","Team Sakib",Mehedi,"CS Azim",Waly,N/A,2016-03-08,2024-01-04,Done,2027-04-12,No,
Live,012104522,"Exord Online",Active,Pre-paid,"NTTN, IIG",Divisional,1st,1,,Yes,"Kawsar Ahammed Siddiki","Team Israfil",Ehsanul,"CS Mithun",Ejaz,Mahbub,2019-07-07,2021-03-26,Done,2025-07-05,No,
Live,012212868,"Explore Online",Active,Pre-paid,"NTTN, IIG",Upazila/Thana,,0.97260425003145434,,Yes,"Mollick Tanzim Akhtar","Team Mosabbir",Asif,"CS Shehave",Ejaz,Mahbub,,2025-08-01,Done,2023-09-04,No,
Live,012312955,"F.T Link BD",Active,Pre-paid,NTTN,District,,1,,Yes,"Md. Mostafizur Rahman","Team Fahad",Hasan,"CS Shehave",Waly,N/A,,,Done,2027-05-17,No,
Live,012209311,"F4 Internet Solutions",Active,Pre-paid,"NTTN, IIG","Thana - ISP",,0.98016129032258059,,Yes,"Md. Mustafijur Rahman Shishir","Team Mitul",Shareef,"CS Tarikul",Nayeemur,Monira,2024-08-07,2024-08-01,Done,2026-11-28,No,
Live,012212788,"Face Net",Active,Pre-paid,"NTTN, IIG","Thana - ISP",,1,,No,"Jibeshwar Purakayastha","Team Talha",Hasan,"CS Shehave",Ejaz,Mahbub,2023-01-01,2023-01-01,Done,2027-05-28,No,
Live,012003404,"Falcon Link",Active,Pre-paid,"NTTN, IIG",Divisional,,1,,Yes,"Md. Mahin Alam","Team Abid",Naznin,"CS Shehave",Ejaz,Mahbub,2018-08-01,2023-06-05,Done,2023-01-08,No,
Live,012206972,"Fast Link BD Dot Net",Active,Pre-paid,"NTTN, IIG",Upazila/Thana,,0.83508004242206613,,Yes,"Mollick Tanzim Akhtar","Team Mosabbir",Khairul,"CS Tarikul",Nayeemur,Monira,,2026-04-01,,,No,
Live,012518361,"Fast Net",Active,Pre-paid,"NTTN, IIG",Upazila/Thana,,1,,No,"Sadia Nowshin Farin","Team Talha",Shehave,"CS Shehave",Nayeemur,Tawhid,,2026-01-28,,,No,
Live,012104752,"Fast Net Communication",Active,Pre-paid,"NTTN, IIG",Upazila/Thana,,1,,No,"Md. Mezbah Uddin Chy","Team Sakib",Shareef,"CS Tarikul",Nayeemur,Mahbub,,2025-10-04,,,No,
Live,012104839,"Fast Network",Active,Pre-paid,"NTTN, IIG",District,,1,,No,"Md. Mustafijur Rahman Shishir","Team Mitul",Hasnat,"CS Azim",Nayeemur,Mahbub,2022-09-01,2021-12-01,Done,2027-07-20,No,
Live,012209450,"Fast Pay Internet",Active,Pre-paid,"NTTN, IIG","Category - C",,0.92942417525222254,,No,"Md. Shahinur Islam Saju","Team Mosabbir",Naznin,"CS Shehave",Waly,Tawhid,2023-03-16,2023-03-16,Done,2023-09-19,No,
Live,012304788,"Fast Track BD.Net",Active,Pre-paid,"NTTN, IIG","Thana - ISP",,1,,No,"Rubaet Bin Hasan","Team Jahirul",Shareef,"CS Tarikul",Waly,Mahbub,2023-02-01,2023-02-01,Done,2027-01-18,No,
Live,012003379,"Fatema Tech Solution",Active,Pre-paid,"NTTN, IIG",Divisional,,1,,No,"Md. Shamrat Shahriar","Team Ryhan",Hasnat,"CS Azim",Tanim,Monira,2018-08-12,2024-12-06,Done,2023-02-03,No,
Live,012104669,"Fatickchari Communication Network",Active,Pre-paid,IIG,Upazila/Thana,,1,,Yes,"Tasnim Rahman Nafis","Team Sakib",Shohag,"CS Mithun",Ejaz,Monira,,2025-02-17,Done,2024-03-02,No,
Live,012318154,"Feni Cyber Link",Active,Pre-paid,"NTTN, IIG",District,,1,,Yes,"Md.Noor Hossain","Team Israfil",Hasnat,"CS Azim",Ejaz,Monira,2024-04-15,2024-04-15,Done,2027-05-29,No,
Live,012209447,"Fiber 4",Active,Pre-paid,"NTTN, IIG","Thana - ISP",,1,,No,"S.M. Tanvir Rahman","Team Jahirul",Mehedi,"CS Azim",Nayeemur,Mahbub,2022-07-17,2022-07-17,Done,2027-07-21,No,
Live,012204494,"Fiber Link",Active,Pre-paid,NTTN,Upazila/Thana,,0.79285793571507857,,Yes,"Tabassom Tamanna Haque","Team Abid",Sarwar,"CS Azim",Waly,N/A,,,Done,2023-12-17,No,
Live,012207128,"First Network",Active,Pre-paid,"NTTN, IIG","Category - C",,1,,Yes,"Md.Mominul Islam","Team Fahad",Shareef,"CS Tarikul",Waly,Tawhid,,2022-06-06,Done,2023-07-31,No,
Live,012312960,"FL Online",Active,Pre-paid,"NTTN, IIG","Thana - ISP",,1,,No,"Md.Israfil Khan","Team Israfil",Hasan,"CS Shehave",Waly,Mahbub,2023-03-31,2023-03-31,Done,2026-12-18,No,
Live,012418193,"Flynet BD Dot Com",Active,Pre-paid,IIG/NTTN,Upazila/Thana,,1,,No,"Asif Ahamed Dipu","Team Ryhan",Khairul,"CS Tarikul",N/A,Mahbub,,,,,No,
Live,012312951,"FM Networks",Active,Pre-paid,IIG,District,,1,,Yes,"Md. Sohel Rana","Team Jahirul",Shehave,"CS Shehave",N/A,Monira,,2025-10-14,,,No,
Live,012104858,"FNB Network",Active,Pre-paid,NTTN,"Category - A",,1,,Yes,"Md.Noor Hossain","Team Israfil",Khairul,"CS Tarikul",Waly,Tawhid,2021-11-23,2021-11-17,Done,2024-09-03,No,
Live,012209638,"FNF Online",Active,Pre-paid,"NTTN, IIG",District,,1,,Yes,"Nubuiya Mahfuz Naimee","Team Fahad",Asif,"CS Shehave",Nayeemur,Mahbub,,2024-02-16,Done,2026-10-26,No,
Live,012107191,"Foxpro Technology",Active,Pre-paid,"NTTN, IIG","Thana - ISP",,1,,No,"Jannatul Nayem","Team Mitul",Khairul,"CS Tarikul",Waly,Mahbub,2023-03-02,2023-03-02,Done,2024-09-20,No,
Live,012304542,"FR Communication",Active,Pre-paid,"NTTN, IIG",Divisional,,1,,No,"S.M. Tanvir Rahman","Team Jahirul",Hasnat,"CS Azim",Ejaz,Mahbub,2019-09-15,2020-07-15,Done,2024-08-07,No,
Live,012209480,"Friend's Broadband Network",Active,Pre-paid,NTTN,District,,1,,Yes,"Mushfek Arefin","Team Mosabbir",Khairul,"CS Tarikul",Waly,N/A,2024-11-07,,Done,2027-06-21,No,
Live,012211716,"Friends Circle Network",Active,Pre-paid,"NTTN, IIG",Upazila/Thana,,1,,No,"Md. Mahin Alam","Team Abid",Shareef,"CS Tarikul",Nayeemur,Mahbub,,2025-09-01,Done,2027-08-21,No,
Live,012212748,"Friends Communication Enterprise",Active,Pre-paid,"NTTN, IIG","Thana - ISP",,1,,No,"Md. Mostafizur Rahman","Team Fahad",Shohag,"CS Mithun",Nayeemur,Mahbub,2022-11-15,2022-11-15,Done,2027-05-31,No,
Live,012318128,"Friends Digital Fiber Network",Active,Pre-paid,NTTN,"Thana - ISP",,1,,Yes,"Syed Shihab Rahman","Team Abid",Hasnat,"CS Azim",Nayeemur,N/A,2024-03-16,,Done,2026-12-20,No,
Live,012106896,"Friends Network",Active,Pre-paid,"NTTN, IIG","Category - C",,1,,No,"SK Sanaullah","Team Ryhan",Mehedi,"CS Azim",Nayeemur,Tawhid,2021-12-01,2021-12-01,Done,2023-08-13,No,
Live,012203208,"Fusion Net Ltd.",Active,Pre+Post-paid,NTTN,Nationwide,,1,,Yes,"Toukir Azam Chowdhury","Team Sujon",Hasnat,"CS Azim",Ejaz,N/A,2011-10-28,,Done,2018-12-07,No,
Live,012204496,"Future Express",Active,Post-paid,IIG,Divisional,Both,1,,No,Ashak-A-Mahbub,"Team Abid",Ehsanul,"CS Mithun",Ejaz,Tawhid,2017-04-01,2016-05-10,Done,2024-01-06,No,
Live,012207212,"Future Net Solution",Active,Pre-paid,"NTTN, IIG",District,,1,,No,"Syed Shihab Rahman","Team Abid",Hasnat,"CS Azim",Waly,Tawhid,2024-01-16,2023-12-17,Done,2027-04-22,No,
Live,012317077,"FZ Online",Active,Pre-paid,"NTTN, IIG",District,,1,,Yes,"Md.Mominul Islam","Team Fahad",Khairul,"CS Tarikul",Nayeemur,Monira,,2026-03-15,,,No,
Live,012212849,"G Net Service",Active,Pre-paid,"NTTN, IIG",District,,1,,No,Ashak-A-Mahbub,"Team Abid",Anik,"CS Tarikul",Ejaz,Mahbub,2022-12-21,2022-12-21,Done,2026-12-11,No,
Live,012203287,"Gaibandha Online",Active,Post-paid,"NTTN, IIG",Divisional,Both,1,,No,"Md. Shahinur Islam Saju","Team Mosabbir",Shareef,"CS Tarikul",Tanim,Aftab,2017-04-01,2016-05-10,Done,2026-04-19,No,
Live,012312943,"Galaxy Cyber Cafe",Active,Pre-paid,"NTTN, IIG","Thana - ISP",,1,,Yes,"Asif Ahamed Dipu","Team Ryhan",Asif,"CS Shehave",Waly,Mahbub,2024-08-31,2023-03-07,Done,2028-04-29,No,
Live,012003417,"Galaxy Net",Active,Pre-paid,"NTTN, IIG",Divisional,1st,0.93739233123022914,,No,"Syed Shihab Rahman","Team Abid",Naznin,"CS Shehave",Tanim,Monira,,2020-09-24,Done,2023-06-24,No,
Live,012204632,"Galaxy Net-2 (Category)",Active,Pre-paid,"NTTN, IIG","Category - C",,1,,No,Ashak-A-Mahbub,"Team Abid",Anik,"CS Tarikul",Waly,Mahbub,2021-02-28,2021-03-01,Done,2024-03-17,No,
Live,012203080,"Genex Infosys Limited",Active,Post-paid,NTTN,Nationwide,,1,,No,"Mosabbir Hussain","Team Mosabbir",Mehedi,"CS Azim",Waly,N/A,2017-04-01,,Done,2023-03-10,No,
Live,012618374,"GH Network and Cyber Cafe",Active,Pre-paid,"NTTN, IIG",Upazila/Thana,,1,,Yes,"Md. Mahin Alam","Team Abid",Ehsanul,"CS Mithun",Nayeemur,Monira,,2026-04-01,,,No,
Live,012207131,"Ghatail Online",Active,Pre-paid,NTTN,Upazila/Thana,,1,,Yes,"Md.Mominul Islam","Team Fahad",Mehedi,"CS Azim",Nayeemur,N/A,,2025-03-24,,,No,
Live,012312990,"Ghuni Broadband & IT Point",Active,Pre-paid,IIG,Upazila/Thana,,1,,Yes,"Md. Fahim Ahmed","Team Ryhan",Shareef,"CS Tarikul",N/A,Monira,,2025-03-24,Done,2023-08-13,No,
Live,012106877,"GK Network",Active,Pre-paid,"NTTN, IIG","Category - A",,1,,No,"Jannatul Nayem","Team Mitul",Sarwar,"CS Azim",Waly,Mahbub,2022-12-05,2021-12-01,Done,2022-01-01,No,
Live,112303258,"Global Fair Communications Limited",Active,Pre-paid,"NTTN, ITC",IIG,,1,Yes,Yes,"Ryhanul Islam Khan","Team Ryhan",Mithun,"CS Mithun",Waly,Jubayar,2013-11-09,2023-08-11,Done,2027-04-12,No,
Live,012104642,"Global Link",Active,Pre-paid,"NTTN, IIG","Category - B",,1,,No,"Jibeshwar Purakayastha","Team Talha",Khairul,"CS Tarikul",Waly,Monira,2021-03-15,2021-03-01,Done,2023-01-30,No,
Live,012618368,"Global Online",Active,Pre-paid,"NTTN, IIG",District,,1,,Yes,"Md. Neamul Islam","Team Abid",Anik,"CS Tarikul",Nayeemur,Mahbub,,2026-03-01,,,No,
Live,032206864,"Gold Cable and Communications",Active,Pre-paid,"NTTN, IIG","Thana - ISP",,1,,Yes,"Md.Noor Hossain","Team Israfil",Anik,"CS Tarikul",Waly,Monira,2021-11-26,2021-11-26,Done,2024-10-12,No,
Live,012317098,"Gomti Network",Active,Pre-paid,NTTN,District,,1,,No,"Md. Taher Bin Hossain","Team Israfil",Shareef,"CS Tarikul",Nayeemur,N/A,2023-10-25,,Done,2027-04-25,No,
Live,012209349,"Goshairhat Online Network",Active,Pre-paid,"NTTN, IIG","Thana - ISP",,1,,No,Ashak-A-Mahbub,"Team Abid",Naznin,"CS Shehave",Ejaz,Tawhid,2022-07-01,2022-07-01,Done,2027-05-28,No,
Live,012303098,"Gram Bangla Systems Limited",Active,Pre+Post-paid,"NTTN, IIG",Nationwide,,1,,Yes,"Tabassom Tamanna Haque","Team Abid",Shohag,"CS Mithun",Ejaz,Monira,2013-08-17,2024-09-11,Done,2025-06-20,No,
Live,011903085,"Grameen Cybernet Ltd.",Active,Post-paid,"NTTN, IIG",Nationwide,1st,1,,Yes,"Tabassom Tamanna Haque","Team Abid",Khairul,"CS Tarikul",Nayeemur,Aftab,2010-12-15,2013-07-01,Done,2021-11-04,No,
Live,012317066,"Grameen Link Four",Active,Pre-paid,"NTTN, IIG","Thana - ISP",,1,,No,"Md. Fahim Ahmed","Team Ryhan",Anik,"CS Tarikul",Waly,Monira,2023-09-04,2023-09-04,Done,2027-07-11,No,
Live,012418227,"Grand Internet Technology",Active,Pre-paid,"NTTN, IIG","Category - A",,1,,No,"Md.Mominul Islam","Team Fahad",Mehedi,"CS Azim",Waly,Monira,2024-09-10,2024-09-10,Done,2026-12-21,No,
Live,012209476,"Green Net City",Active,Pre-paid,"NTTN, IIG",Upazila/Thana,,1,,No,"Md.Noor Hossain","Team Israfil",Hasnat,"CS Azim",Nayeemur,Mahbub,,2025-10-11,,,No,
Live,012518352,"Green Network",Active,Pre-paid,"NTTN, IIG",District,,1,,Yes,"SK Sanaullah","Team Ryhan",Shehave,"CS Shehave",Nayeemur,Monira,,2025-10-20,,,No,
Live,012104460,"Green Surma Communications",Active,Post-paid,"NTTN, IIG",Divisional,,1,,Yes,"Jibeshwar Purakayastha","Team Talha",Sarwar,"CS Azim",Waly,Aftab,2018-12-01,2018-12-01,Done,2023-06-01,No,
Live,012212735,"Gumati Online",Active,Pre-paid,"NTTN, IIG",Upazila/Thana,,0.56168677478081575,,Yes,"Md.Israfil Khan","Team Israfil",Hasnat,"CS Azim",Ejaz,Aftab,2025-03-07,2025-03-06,Done,2027-07-26,No,
Live,012304543,"Habiganj Net Communication",Active,Pre-paid,"NTTN, IIG",Divisional,3,0.87714168762060696,,No,"Jibeshwar Purakayastha","Team Talha",Ehsanul,"CS Mithun",Ejaz,Monira,2019-09-08,2023-12-01,Done,2024-02-05,No,
Live,012312964,"Haider Khandakar Network",Active,Pre-paid,IIG,Upazila/Thana,,1,,Yes,"Rubaet Bin Hasan","Team Jahirul",Mehedi,"CS Azim",Waly,Mahbub,,2025-09-01,Done,2026-10-27,No,
Live,012204571,"Hamid Electronics and Automobiles",Active,Pre-paid,NTTN,Divisional,,1,,Yes,"Mushfek Arefin","Team Mosabbir",Shareef,"CS Tarikul",Waly,N/A,2025-02-02,,Done,2023-02-03,No,
Live,012209551,"Hazi Online",Active,Pre-paid,"NTTN, IIG",Upazila/Thana,,1,,No,"Maksudul Karim","Team Maksudul",Naznin,"CS Shehave",Nayeemur,Mahbub,,,,,No,
Live,012317100,"Hello Tech Limited",Active,Post-paid,"NTTN, IIG",Nationwide,,1,,Yes,"MD. Abu  Sayeed","Team Mitul",Mithun,"CS Mithun",Waly,Monira,2023-11-02,2023-11-16,Done,2023-02-14,No,
Live,012312989,"Hello Vision Dot Net",Active,Pre-paid,"NTTN, IIG","Thana - ISP",,1,,Yes,"Nubuiya Mahfuz Naimee","Team Fahad",Asif,"CS Shehave",Waly,Mahbub,2023-06-14,2023-06-01,Done,2027-05-30,No,
Live,012203436,"Hi-Speed Broadband Network",Active,Post-paid,"NTTN, IIG",Divisional,1st,1,,Yes,"Md. Mostafizur Rahman","Team Fahad",Mithun,"CS Mithun",Nayeemur,Mahbub,2018-08-01,2018-08-02,Done,2027-03-19,No,
Live,012104827,"Hi-Tec Enterprise",Active,Pre-paid,"NTTN, IIG","Category - A",,1,,Yes,"Asif Ahamed Dipu","Team Ryhan",Anik,"CS Tarikul",Waly,Mahbub,2022-06-01,2021-11-03,Done,2024-08-04,No,
Live,012104673,"HK Net",Active,Pre-paid,"NTTN, IIG","Thana - ISP",,1,,Yes,"Md. Mahin Alam","Team Abid",Mehedi,"CS Azim",Waly,Aftab,2024-11-28,2024-11-28,Done,2024-07-31,No,
Live,012204548,"HK Online",Active,Pre-paid,"NTTN, IIG",Divisional,,1,,Yes,"Md.Mominul Islam","Team Fahad",Shohag,"CS Mithun",Waly,Mahbub,2023-08-01,2022-04-01,Done,2024-02-03,No,
Live,012103353,"HM Communication",Active,Post-paid,"NTTN, IIG",Divisional,1st,1,,No,"SK Sanaullah","Team Ryhan",Ehsanul,"CS Mithun",Ejaz,Aftab,2018-06-01,2021-12-02,Done,2023-01-20,No,
Live,012003059,"HRC Technologies Ltd.",Active,Pre+Post-paid,"NTTN, IIG",Nationwide,,1,,Yes,"Umaya Afrin Priya","Team Mitul",Asif,"CS Shehave",Ejaz,Aftab,2010-12-15,2021-12-31,Done,2023-01-30,No,
Live,012204843,"I Nox Net Communication",Active,Pre-paid,"NTTN, IIG","Thana - ISP",,1,,No,"Jannatul Nayem","Team Mitul",Asif,"CS Shehave",,Mahbub,2023-11-02,2021-11-16,Done,2026-11-28,No,
Live,012103046,"ICC Communication Ltd",Active,Post-paid,"NTTN, NIX",Nationwide,Both,0,,Yes,"Mosabbir Hussain","Team Mosabbir",Naznin,"CS Shehave",Tanim,N/A,2023-11-09,,Expired,2023-11-14,No,
Live,012203187,"Icom Bangladesh Limited",Active,Post-paid,"NTTN, IIG",Nationwide,,0.86314681920974712,,Yes,"Jahirul Islam","Team Jahirul",Tarikul,"CS Tarikul",Tanim,Aftab,2015-06-18,2016-05-22,Expired,2028-02-05,No,
Live,012103101,"ICON Infotech Limited",Active,Pre+Post-paid,"NTTN, IIG",Nationwide,1st,1,,Yes,"Md. Mustafijur Rahman Shishir","Team Mitul",Ehsanul,"CS Mithun",,Mahbub,2011-12-15,2019-06-13,Done,2025-07-12,No,
Live,012104613,"Idea Tec Ltd.",Active,Pre-paid,NTTN,Nationwide,,1,,Yes,"Md. Abid Hasan","Team Abid",Shareef,"CS Tarikul",Waly,N/A,,,,,No,
Live,012004620,"Ideal Communications Network",Active,Pre-paid,"NTTN, IIG",Divisional,,1,,Yes,"Md. Sohel Rana","Team Jahirul",Shareef,"CS Tarikul",Nayeemur,Mahbub,2021-10-02,2021-10-01,Done,2023-11-24,No,
Live,042003217,"Imam Network Limited",Active,Post-paid,NTTN,ICX,,0,,No,"Md.Noor Hossain","Team Israfil",Mehedi,"CS Azim",Tanim,N/A,2012-09-28,,Expired,2027-04-11,No,
Live,012212749,"Impress Communications",Active,Post-paid,"NTTN, IIG","Thana - ISP",,1,,No,"Md. Mahin Alam","Team Abid",Asif,"CS Shehave",Waly,Mahbub,2023-04-02,2023-04-02,Done,2027-05-30,No,
Live,012518319,"Inaaya IT Solutions",Active,Pre-paid,"NTTN, IIG",Divisional,,1,,Yes,"Md. Sohel Rana","Team Jahirul",Khairul,"CS Tarikul",Ejaz,Monira,2025-03-11,2025-03-11,Done,2027-05-28,No,
Live,012204506,"Info Internet Service",Active,Pre-paid,NTTN,Divisional,,1,,Yes,"Md.Israfil Khan","Team Israfil",Ehsanul,"CS Mithun",Tanim,N/A,2024-07-09,,Done,2023-06-30,No,
Live,012103388,"Info Link Ltd.",Active,Pre-paid,NTTN,Nationwide,1st,1,,Yes,"Md. Abid Hasan","Team Abid",Anik,"CS Tarikul",Ejaz,N/A,2015-01-28,,Done,2028-05-07,No,
Live,012303174,"Infobase Limited",Active,Pre+Post-paid,"NTTN, IIG",Divisional,1st,1,,Yes,"Md.Noor Hossain","Team Israfil",Tarikul,"CS Tarikul",Tanim,Aftab,2015-02-16,2013-03-20,Done,2026-07-02,No,
Live,012303336,"Infobd24 Systems",Active,Pre+Post-paid,"NTTN, IIG",Divisional,1st,1,,No,"S.M. Tanvir Rahman","Team Jahirul",Naznin,"CS Shehave",Ejaz,Aftab,2017-12-25,2017-12-25,Done,2023-04-09,No,
Live,012003260,"Infocom Limited",Active,Post-paid,"NTTN, IIG",Nationwide,Both,0.73060893190630483,,Yes,"Mollick Tanzim Akhtar","Team Mosabbir",Sarwar,"CS Azim",Tanim,Aftab,2017-04-01,2026-03-02,Done,2024-04-29,No,
Live,012203109,"Information Services Network Ltd.",Active,Post-paid,NTTN,Nationwide,1st,1,,Yes,"Md.Noor Hossain","Team Israfil",Sarwar,"CS Azim",Ejaz,N/A,2010-12-15,,Done,2023-02-18,No,
Live,012210671,"Infotech Pace Link",Active,Pre-paid,"NTTN, IIG","Thana - ISP",,1,,No,"K.M. Mazharul Islam","Team Mosabbir",Shohag,"CS Mithun",Waly,Monira,2023-12-02,2023-12-01,Done,2026-11-30,No,
Live,012203140,"Innovative Online Ltd.",Active,Pre-paid,"NTTN, IIG",Nationwide,1st,1,,Yes,"Partha Pratim Sarkar","Team Jahirul",Shareef,"CS Tarikul",Tanim,Mahbub,2017-03-22,2021-12-02,Done,2026-11-22,No,
Live,012208238,"Inspired Broadband",Active,Pre-paid,"NTTN, IIG","Thana - ISP",,1,,Yes,"Md. Wahiduzzaman Shanto","Team Ryhan",Shohag,"CS Mithun",Waly,Mahbub,2022-04-29,2022-05-15,Done,2026-02-17,No,
Live,012204605,"Intech Limited",Active,Pre-paid,NTTN,Nationwide,,1,,Yes,"Tabassom Tamanna Haque","Team Abid",Shareef,"CS Tarikul",Nayeemur,N/A,,,,,No,
Live,042003261,"Integrated Services Ltd.",Active,Post-paid,NTTN,ICX,,1,,No,"Tabassom Tamanna Haque","Team Abid",Shareef,"CS Tarikul",Tanim,N/A,2012-10-09,,Done,2027-04-12,No,
Live,012103262,"INTERCLOUD LIMITED",Active,Post-paid,NTTN,Nationwide,,1,,Yes,"Partha Pratim Sarkar","Team Jahirul",Sarwar,"CS Azim",Tanim,N/A,2013-01-13,,Done,2028-03-10,No,
Live,012209495,"Internet World BD",Active,Pre-paid,"NTTN, IIG","Category - C",,1,,No,Ashak-A-Mahbub,"Team Abid",Ehsanul,"CS Mithun",Ejaz,Tawhid,2023-06-01,2023-06-01,Done,2024-11-19,No,
Live,012203448,"Internet@Home Limited",Active,Post-paid,"NTTN, IIG",Divisional,Both,1,,Yes,"Nubuiya Mahfuz Naimee","Team Fahad",Naznin,"CS Shehave",Nayeemur,Mahbub,2018-10-01,2018-09-27,Done,2023-01-16,No,
Live,012206904,Interstellar,Active,Pre-paid,IIG,"Category - C",,1,,Yes,"Md. Fazle Rabbi","Team Sujon",Mehedi,"CS Azim",N/A,Mahbub,,2021-12-17,Done,2023-02-08,No,
Live,112312974,"Intraglobe Communications Limited",Active,Post-paid,NTTN,IIG,,1,Yes,Yes,"Jahirul Islam","Team Jahirul",Ehsanul,"CS Mithun",Tanim,N/A,2023-03-13,,Done,2027-04-12,No,
Live,012003278,"Intrepid Broadband Communication Co. Ltd",Active,Post-paid,"NTTN, IIG",Divisional,,1,,Yes,"Abu Talha Shawon","Team Talha",Khairul,"CS Tarikul",Tanim,Tawhid,2015-09-17,2018-08-31,Done,2023-07-31,No,
Live,012104587,"Invention Technologies Limited",Active,Pre-paid,NTTN,Divisional,,1,,Yes,"Asif Ahamed Dipu","Team Ryhan",Sarwar,"CS Azim",Nayeemur,N/A,2023-07-25,,Done,2024-11-20,No,
Live,012203175,"IP Communications Limited",Active,Post-paid,"NTTN, IIG",Nationwide,,0.84446341154331717,,Yes,"Md. Abid Hasan","Team Abid",Ehsanul,"CS Mithun",Ejaz,Monira,2014-05-18,2024-05-24,Done,2025-07-12,No,
Live,012204679,"IP Internet",Active,Post-paid,"NTTN, IIG","Category - A",,1,,No,"Md. Shahinur Islam Saju","Team Mosabbir",Shohag,"CS Mithun",Waly,Monira,2021-10-02,2021-10-02,Done,2023-07-31,No,
Live,012104852,IQ-Tel,Active,Pre-paid,IIG,Upazila/Thana,,1,,Yes,"Md. Sakib Aziz","Team Sakib",Mehedi,"CS Azim",N/A,Mahbub,,2025-09-10,0,2028-04-11,No,
Live,012104712,"IR Technology",Active,Pre-paid,"NTTN, IIG",Upazila/Thana,,1,,Yes,"Md. Shamrat Shahriar","Team Ryhan",Khairul,"CS Tarikul",Nayeemur,Monira,,2026-02-27,,,No,
Live,012004559,"IT Base",Active,Pre-paid,"NTTN, IIG",Divisional,,1,,Yes,"Mollick Tanzim Akhtar","Team Mosabbir",Sarwar,"CS Azim",Ejaz,Monira,2023-11-30,2024-02-01,Done,2024-01-04,No,
Live,012518333,"IT Link",Active,Pre-paid,"NTTN, IIG",Upazila/Thana,,1,,No,"Md. Neamul Islam","Team Abid",Ehsanul,"CS Mithun",Nayeemur,Mahbub,,2026-04-14,,,No,
Live,012212845,"Jaan Computer",Active,Pre-paid,IIG,"Category - C",,1,,Yes,"Md. Shamrat Shahriar","Team Ryhan",Asif,"CS Shehave",N/A,Mahbub,,2022-12-19,Done,2023-03-31,No,
Live,012204685,"Janany Broadband Internet",Active,Pre-paid,"NTTN, IIG","Category - C",,1,,No,"SK Sanaullah","Team Ryhan",Hasan,"CS Shehave",Waly,Monira,2021-05-30,2021-05-30,Done,2024-03-17,No,
Live,012209340,"Jannat Mir Internet Service",Active,Pre-paid,"NTTN, IIG","Thana - ISP",,1,,Yes,"Md. Mahin Alam","Team Abid",Hasan,"CS Shehave",,Mahbub,2024-07-01,2024-06-30,Done,2024-07-13,No,
Live,012106889,"JBH Net",Active,Pre-paid,"NTTN, IIG","Thana - ISP",,1,,Yes,"Md. Mostafizur Rahman","Team Fahad",Naznin,"CS Shehave",Nayeemur,Aftab,,2026-04-12,,,No,
Live,012418208,"Jessore IT",Active,Pre-paid,"NTTN, IIG","Thana - ISP",,1,,Yes,"Md. Shamrat Shahriar","Team Ryhan",Hasnat,"CS Azim",Ejaz,Monira,,2024-06-07,Done,2023-10-22,No,
Live,012003405,"Jhenaidah Broadband & Cyber Point",Active,Pre-paid,"NTTN, IIG",Divisional,,1,,Yes,"Md. Shamrat Shahriar","Team Ryhan",Shareef,"CS Tarikul",Tanim,Mahbub,2021-10-01,2021-10-01,Done,2023-01-31,No,
Live,012204565,"Jhongkar IT",Active,Pre-paid,NTTN,Divisional,,1,,Yes,"Nubuiya Mahfuz Naimee","Team Fahad",Hasan,"CS Shehave",Ejaz,N/A,2019-12-07,,Done,2024-08-07,No,
Live,012203380,"Jony Cable Network",Active,Pre-paid,IIG,Divisional,,1,,No,"Md. Fahim Ahmed","Team Ryhan",Mehedi,"CS Azim",N/A,Tawhid,2022-07-01,2022-07-01,Done,2023-01-14,No,
Live,012518356,"Junaira Network",Active,Pre-paid,"NTTN, IIG",Upazila/Thana,,1,,Yes,"Md. Shamrat Shahriar","Team Ryhan",Shehave,"CS Shehave",Nayeemur,Monira,,2025-12-30,,,No,
Live,012618366,"K.M. Network",Active,Pre-paid,IIG,Upazila/Thana,,1,,No,"Md. Mahin Alam","Team Abid",Naznin,"CS Shehave",N/A,Monira,,2026-04-01,,,No,
Live,012203389,"Ka, Kha Computer",Active,Post-paid,"NTTN, IIG",Divisional,,1,,Yes,Ashak-A-Mahbub,"Team Abid",Ehsanul,"CS Mithun",Nayeemur,Tawhid,2018-08-02,2018-07-31,Done,2023-01-17,No,
Live,012208228,"Kabir Hossain Broadband Network",Active,Pre-paid,"NTTN, IIG","Thana - ISP",,1,,No,"Partha Pratim Sarkar","Team Jahirul",Khairul,"CS Tarikul",Waly,Mahbub,2023-01-17,2022-04-02,Done,2027-01-12,No,
Live,012518313,"Kalukhali Cable Network",Active,Pre-paid,"NTTN, IIG",Upazila/Thana,,1,,Yes,Ashak-A-Mahbub,"Team Abid",Asif,"CS Shehave",Waly,Tawhid,,2025-02-27,Done,2028-11-10,No,
Live,012107173,"Kamarkhali Broadband",Active,Pre-paid,"NTTN, IIG","Thana - ISP",,1,,No,Ashak-A-Mahbub,"Team Abid",Asif,"CS Shehave",Ejaz,Tawhid,2023-01-31,2023-01-31,Done,2026-12-20,No,
Live,012314010,"Kapasia Dot Net",Active,Pre-paid,NTTN,"Thana - ISP",,1,,No,"Syed Shihab Rahman","Team Abid",Asif,"CS Shehave",Ejaz,N/A,2023-06-09,,Done,2028-03-21,No,
Live,012207064,"Kazi Networks",Active,Pre-paid,"NTTN, IIG","Thana - ISP",,1,,Yes,"Md.Noor Hossain","Team Israfil",Naznin,"CS Shehave",Ejaz,Tawhid,2023-06-30,2023-02-10,Done,2023-01-30,No,
Live,011903372,"KBZ Online",Active,Pre-paid,"NTTN, IIG",Divisional,,1,,Yes,"Md.Mominul Islam","Team Fahad",Mithun,"CS Mithun",Waly,Monira,2024-12-22,2024-12-22,Done,2023-02-17,No,
Live,012618375,"Khulna Broadband Services",Active,Pre-paid,"IIG, NTTN","Thana - ISP",,0.99103116793023138,,Yes,"SK Sanaullah","Team Ryhan",Shehave,"CS Shehave",Ejaz,Tawhid,,2026-04-23,Done,2023-01-30,No,
Live,012107184,"Khulna Online",Active,Pre-paid,"NTTN, IIG",District,,1,,No,"SK Sanaullah","Team Ryhan",Hasan,"CS Shehave",Tanim,Tawhid,2022-01-02,2022-09-16,Done,2026-11-28,No,
Live,012104589,"Kloud Technologies Limited",Active,Pre-paid,"NTTN, IIG",Nationwide,,0.79277001765706456,,Yes,"Md.Israfil Khan","Team Israfil",Khairul,"CS Tarikul",Ejaz,Monira,,2025-10-22,Done,2024-10-13,No,
Live,012518341,"Kotchandpur Broadband Distribution",Active,Pre-paid,"NTTN, IIG",Upazila/Thana,,1,,No,"Md. Fahim Ahmed","Team Ryhan",Azim,"CS Azim",Nayeemur,Mahbub,2021-11-01,2021-11-01,WIP,2029-01-01,No,
Live,012104796,"KP Online",Active,Pre-paid,"NTTN, IIG","Category - B",,1,,No,"SK Sanaullah","Team Ryhan",Khairul,"CS Tarikul",Waly,Tawhid,2021-11-01,2021-11-01,Done,2024-01-16,No,
Live,012312969,"KR Online",Active,Pre-paid,NTTN,Upazila/Thana,,1,,Yes,"Md. Taher Bin Hossain","Team Israfil",Azim,"CS Azim",Nayeemur,N/A,,,0,,No,
Live,012103168,"KS Network Ltd.",Active,Pre+Post-paid,"NTTN, IIG",Nationwide,1st,1,Yes,Yes,"Jahirul Islam","Team Jahirul",Shehave,"CS Shehave",Ejaz,Aftab,2014-04-01,2016-03-20,Done,2026-02-22,No,
Live,012206885,"KT Computer & Network",Active,Pre-Paid,"NTTN, IIG",District,,0.96382789603509766,,No,"S.M. Tanvir Rahman","Team Jahirul",Ehsanul,"CS Mithun",Ejaz,Mahbub,2021-12-01,2021-12-01,Done,2026-10-26,No,
Live,012209491,"Kurigram I.S.P",Active,Pre-paid,"NTTN, IIG",District,,1,,No,"Md. Shahinur Islam Saju","Team Mosabbir",Shareef,"CS Tarikul",Waly,Monira,2023-12-02,2023-12-02,Done,2027-06-21,No,
Live,012204500,"Kurigram Online",Active,Pre-paid,"NTTN, IIG",Divisional,,1,,No,"Md. Shahinur Islam Saju","Team Mosabbir",Shohag,"CS Mithun",Tanim,Monira,,2025-01-16,Done,2023-12-12,No,
Live,012104612,"L. R. International",Active,Pre-paid,"NTTN, IIG",Upazila/Thana,,1,,Yes,"SK Sanaullah","Team Ryhan",Shohag,"CS Mithun",Waly,Tawhid,,2025-03-18,Done,2024-09-29,No,
Live,012313000,"Lakshmipur Communication Network",Active,Pre-paid,"NTTN, IIG",District,,1,,Yes,"Md. Taher Bin Hossain","Team Israfil",Shohag,"CS Mithun",Ejaz,Monira,2024-03-01,2024-03-04,Done,2028-03-21,No,
Live,012003374,"Lakshmipur Online",Active,Pre-paid,"NTTN, IIG",Divisional,,1,,No,"Md.Israfil Khan","Team Israfil",Tarikul,"CS Tarikul",Ejaz,Monira,2018-09-01,2023-09-01,Done,2023-02-18,No,
Live,012209408,"Lead Technology",Active,Pre-paid,NTTN,Upazila/Thana,,1,,No,"Md. Mahin Alam","Team Abid",Ehsanul,"CS Mithun",Waly,N/A,,,Done,2028-02-17,No,
Live,012204554,"Lee Communication",Active,Pre-paid,"NTTN, IIG",Divisional,1st,1,,No,"Md. Shahinur Islam Saju","Team Mosabbir",Mehedi,"CS Azim",Ejaz,Tawhid,2019-11-05,2022-10-31,Done,2024-09-14,No,
Live,011903158,"Level3 Carrier Limited",Active,Post-paid,NTTN,IIG,,1,,Yes,"MD. Abu  Sayeed","Team Mitul",Sarwar,"CS Azim",Tanim,N/A,2017-04-16,,Done,2027-04-11,No,
Live,012106909,"Link Communication",Active,Pre-paid,"NTTN, IIG",District,,1,,No,"Jannatul Nayem","Team Mitul",Anik,"CS Tarikul",Tanim,Mahbub,2022-04-06,2022-02-12,Done,2026-12-19,No,
Live,012206982,"Link Tech IT",Active,Pre-paid,NTTN,District,,1,,Yes,"Nubuiya Mahfuz Naimee","Team Fahad",Khairul,"CS Tarikul",Waly,N/A,,,Done,2026-10-27,No,
Live,012207007,"Link Technologies",Active,Pre-paid,"NTTN, IIG","Thana - ISP",,1,,No,"Md.Israfil Khan","Team Israfil",Hasan,"CS Shehave",Waly,Mahbub,2023-04-01,2022-09-01,Done,2026-02-16,No,
Live,012203089,"Link-3 Technologies Limited",Active,Post-paid,"NTTN, IIG",Nationwide,,1,,Yes,"MD. Abu  Sayeed","Team Mitul",Azim,"CS Azim",Palash,Aftab,2010-12-01,2021-10-06,Done,2023-09-11,No,
Live,012518320,"Link-4 Communication",Active,Pre-paid,"NTTN, IIG",Upazila/Thana,,1,,No,"Md. Mezbah Uddin Chy","Team Sakib",Shehave,"CS Shehave",Nayeemur,Tawhid,,2025-11-30,,,No,
Live,012518336,"LiveneT. Internet Service Provider",Active,Pre-paid,"NTTN, IIG",Upazila/Thana,,1,,Yes,"Md. Mostafizur Rahman","Team Fahad",Anik,"CS Tarikul",Ejaz,Monira,,2025-07-31,Done,2027-05-28,No,
Live,012618381,"Look Media Network",Active,Pre-paid,"NTTN, IIG","Thana - ISP",,1,,No,"Jannatul Nayem","Team Mitul",Sarwar,"CS Azim",Nayeemur,Mahbub,2022-06-01,2022-06-01,Done,2027-04-24,No,
Live,012618371,"Love Bird Communication",Active,Pre-paid,"NTTN, IIG",Upazila/Thana,,1,,No,"Md. Neamul Islam","Team Abid",Asif,"CS Shehave",Nayeemur,Monira,,2026-04-01,,,No,
Live,062004466,"LR Telecom Limited",Active,Post-paid,"NTTN, ITC",IGW,,1,,Yes,"Mosabbir Hussain","Team Mosabbir",Ehsanul,"CS Mithun",Waly,Jubayar,2019-01-08,2018-12-27,Done,2033-10-30,No,
Live,012209302,"M Amin Network",Active,Post-paid,"NTTN, IIG","Thana - ISP",,1,,Yes,"Md. Mostafizur Rahman","Team Fahad",Ehsanul,"CS Mithun",Waly,Monira,2024-02-28,2024-02-28,Done,2027-04-10,No,
Live,012618365,"M Meherab Internet",Active,Pre-paid,IIG,Upazila/Thana,,1,,No,"Md. Mahin Alam","Team Abid",Sarwar,"CS Azim",N/A,Monira,,2026-03-31,,,No,
Live,042003176,"M&H Telecom Ltd.",Active,Post-paid,NTTN,ICX,,0.87568721875549838,,No,"Umaya Afrin Priya","Team Mitul",Shareef,"CS Tarikul",Tanim,N/A,2012-02-15,,Done,2027-04-11,No,
Live,012204625,"M. H. Broadband",Active,Pre-paid,"NTTN, IIG",Divisional,,1,,No,Ashak-A-Mahbub,"Team Abid",Ehsanul,"CS Mithun",Tanim,Tawhid,2021-01-19,2021-01-18,Done,2025-01-18,No,
Live,012208278,"M.E.B. Technology",Active,Pre-paid,"NTTN, IIG",Upazila/Thana,,1,,No,"Toukir Azam Chowdhury","Team Sujon",Ehsanul,"CS Mithun",Waly,Aftab,,2024-12-26,Done,2027-03-07,No,
Live,012207082,"M.K Network",Active,Pre-paid,"NTTN, IIG","Category - C",,1,,No,"Md. Mahin Alam","Team Abid",Sarwar,"CS Azim",Ejaz,Mahbub,2023-02-02,2023-02-02,Done,2024-03-17,No,
Live,042203248,"M.M Communications Ltd.",Active,Post-paid,NTTN,ICX,,1,,No,"Md. Fazle Rabbi","Team Sujon",Shohag,"CS Mithun",Tanim,N/A,2013-04-15,,Done,2027-04-11,No,
Live,012212833,"M.S. Adiba Online",Active,Pre-paid,"NTTN, IIG","Thana - ISP",,1,,No,"Umaya Afrin Priya","Team Mitul",Asif,"CS Shehave",Waly,Mahbub,2023-02-01,2023-01-31,Done,2026-10-30,No,
Live,012104699,"M/s Asian Network",Active,Pre-paid,"NTTN, IIG",District,,1,,Yes,"Md. Mahin Alam","Team Abid",Shohag,"CS Mithun",Ejaz,Monira,2023-11-20,2023-11-15,Done,2027-05-09,No,
Live,011903148,"M/S Broadlink International",Active,Pre-paid,IIG,Divisional,,1,,No,"S.M. Tanvir Rahman","Team Jahirul",Hasan,"CS Shehave",N/A,Mahbub,,2025-09-19,Done,2014-08-15,No,
Live,012003293,"M/S Computer Mate",Active,Pre+Post-paid,"NTTN, IIG",Divisional,Both,0,,No,"Md. Shamrat Shahriar","Team Ryhan",Hasnat,"CS Azim",Ejaz,Aftab,2017-04-01,2016-06-22,Done,2021-04-24,No,
Live,012304459,"M/s Dynamic Analojix",Active,Pre-paid,"NTTN, IIG",Nationwide,,1,,Yes,"Jannatul Nayem","Team Mitul",Shareef,"CS Tarikul",Nayeemur,Tawhid,,2025-05-18,Done,2024-03-31,No,
Live,011904495,"M/s Easy Net",Active,Pre-paid,NTTN,Divisional,,0,,Yes,"Md. Sakib Aziz","Team Sakib",Mehedi,"CS Azim",Nayeemur,N/A,,,,,No,
Live,012203359,"M/s Global Communication",Active,Post-paid,"NTTN, IIG",Divisional,1st,0.90185811761989731,,Yes,Ashak-A-Mahbub,"Team Abid",Sarwar,"CS Azim",Ejaz,Aftab,2018-04-05,2018-03-30,Done,2023-01-20,No,
Live,012004484,"M/S I Communication",Active,Pre-paid,"NTTN, IIG",Divisional,,1,,No,"Md. Neamul Islam","Team Abid",Ehsanul,"CS Mithun",Nayeemur,Monira,,2026-03-16,,,No,
Live,012518317,"M/s Jasam Traders",Active,Pre-paid,"NTTN, IIG",District,,1,,Yes,"Tasnim Rahman Nafis","Team Sakib",Sarwar,"CS Azim",Nayeemur,Mahbub,2025-03-26,2025-07-04,Done,2026-11-08,No,
Live,012104701,"M/s Mahin Online",Active,Pre-paid,"NTTN, IIG","Category - A",,1,,No,"Md. Abid Hasan","Team Abid",Sarwar,"CS Azim",Ejaz,Monira,2021-11-14,2021-11-14,Done,2022-02-26,No,
Live,012518294,"M/S Md. Woahiduzzaman",Active,Pre-paid,NTTN,District,,1,,Yes,"SK Sanaullah","Team Ryhan",Shehave,"CS Shehave",Nayeemur,N/a,,,,,No,
Live,012003229,"M/S Net Express Online",Active,Post-paid,"NTTN, IIG",Divisional,,1,,Yes,"Mollick Tanzim Akhtar","Team Mosabbir",Tarikul,"CS Tarikul",Waly,Aftab,2016-10-10,2014-09-22,Done,2026-03-01,No,
Live,012204687,"M/s Net Zone",Active,Pre-paid,"NTTN, IIG","Thana - ISP",,1,,Yes,"Md. Mahin Alam","Team Abid",Shohag,"CS Mithun",Nayeemur,Mahbub,2021-06-01,2021-06-01,Done,2024-01-16,No,
Live,012209431,"M/s Nurjahan Broadband Internet",Active,Post-paid,"NTTN, IIG",District,,1,,No,"Md. Shahinur Islam Saju","Team Mosabbir",Anik,"CS Tarikul",Ejaz,Mahbub,2022-11-18,2022-11-18,Done,2026-11-28,No,
Live,012107149,"M/S Saiba International",Active,Pre-paid,IIG,Upazila/Thana,,0.99659346234688695,,Yes,"Jannatul Nayem","Team Mitul",Shohag,"CS Mithun",N/A,Monira,2021-11-14,2021-11-14,Done,2024-04-07,No,
Live,012003277,"M/s Satellite Connection",Active,Pre-paid,"NTTN, IIG",Divisional,1st,0.60507674144037782,,Yes,"Md. Fazle Rabbi","Team Sujon",Ehsanul,"CS Mithun",Ejaz,Aftab,2017-04-01,2025-03-03,Done,2026-12-18,No,
Live,012203136,"M/s Unicom Multi System",Active,Pre+Post-paid,"NTTN, IIG",Divisional,,1,,Yes,"Md. Sohel Rana","Team Jahirul",Shareef,"CS Tarikul",Ejaz,Aftab,2017-04-01,2020-04-15,Done,2026-05-10,No,
Live,012418195,"M/s Universal Multimedia Center",Active,Pre-paid,"NTTN, IIG","Thana - ISP",,1,,Yes,"Mollick Tanzim Akhtar","Team Mosabbir",Sarwar,"CS Azim",Waly,Tawhid,2024-10-02,2024-05-31,Done,2026-11-29,No,
Live,012206995,"M/s. Active Multimedia",Active,Pre-paid,"NTTN, IIG","Thana - ISP",,1,,No,"Rubaet Bin Hasan","Team Jahirul",Anik,"CS Tarikul",Ejaz,Aftab,2024-12-21,2024-12-21,Done,2022-01-23,No,
Live,012209356,"M/S. BD Cloud",Active,Pre-paid,NTTN,Divisional,,1,,Yes,"Md. Fahim Ahmed","Team Ryhan",Sarwar,"CS Azim",Waly,N/A,,,Done,2023-01-30,No,
Live,012618380,"M/S. Blueberry Online",Active,Pre-paid,"NTTN, IIG","Thana - ISP",,0.96309878918574576,,No,"Md. Mahin Alam","Team Abid",Naznin,"CS Shehave",Nayeemur,Aftab,,2026-06-01,Done,2027-04-10,No,
Live,012209537,"M/s. Brosis Communication",Active,Pre-paid,"NTTN, IIG",Divisional,,1,,Yes,"Md. Mezbah Uddin Chy","Team Sakib",Anik,"CS Tarikul",Tanim,Mahbub,2022-09-21,2022-09-21,Done,2024-02-24,No,
Live,012107079,"M/s. Cyber Planet",Active,Pre-paid,"NTTN, IIG","Category - A",,1,,Yes,"Kawsar Ahammed Siddiki","Team Israfil",Asif,"CS Shehave",Waly,Mahbub,2024-10-02,2022-01-02,Done,2021-02-28,No,
Live,012104621,"M/s. Doly IT Corner",Active,Pre-paid,"NTTN, IIG",Divisional,,1,,Yes,"Kawsar Ahammed Siddiki","Team Israfil",Khairul,"CS Tarikul",Tanim,Monira,2023-12-30,2023-12-02,Done,2023-01-13,No,
Live,012208271,"M/s. Elite Communication",Active,Pre-paid,"NTTN, IIG","Thana - ISP",,1,,Yes,"Md.Israfil Khan","Team Israfil",Shohag,"CS Mithun",Tanim,Mahbub,2024-12-03,2024-12-03,Done,2024-01-16,No,
Live,012203361,"M/s. Era Traders",Active,Post-paid,"NTTN, IIG",Divisional,1st,1,,No,Ashak-A-Mahbub,"Team Abid",Shohag,"CS Mithun",Nayeemur,Aftab,2018-04-01,2018-04-01,Done,2023-01-31,No,
Live,012212756,"M/s. Fast Cyber Network",Active,Pre-paid,IIG,"Category - A",,1,,Yes,"Rubaiyat Rahman","Team Jahirul",Shareef,"CS Tarikul",N/A,Tawhid,,2022-11-07,Done,2022-01-24,No,
Live,012212796,"M/s. Flash Net Enterprise",Active,Pre-paid,"NTTN, IIG","Thana - ISP",,1,,Yes,"Md. Wahiduzzaman Shanto","Team Ryhan",Hasnat,"CS Azim",Nayeemur,Monira,,2023-12-10,Done,2024-08-04,No,
Live,012204598,"M/s. Gaibandha Broadband Network",Active,Post-paid,"NTTN, IIG","Category - C",,1,,Yes,"Md. Shahinur Islam Saju","Team Mosabbir",Anik,"CS Tarikul",Waly,Mahbub,2023-09-15,2021-10-13,Done,2027-05-20,No,
Live,012312995,"M/s. Global Network",Active,Pre-paid,"NTTN, IIG","Thana - ISP",,1,,Yes,"Asif Ahamed Dipu","Team Ryhan",Ehsanul,"CS Mithun",Waly,Aftab,2024-11-15,2024-11-15,Done,2026-11-30,No,
Live,012203083,"M/s. Grameen Communications",Active,Post-paid,"NTTN, IIG",Nationwide,,0.91355795148247976,,Yes,"Kawsar Ahammed Siddiki","Team Israfil",Naznin,"CS Shehave",Nayeemur,Aftab,2017-06-01,2017-05-28,Done,2026-01-17,No,
Live,012207216,"M/s. Green Broadband Network Service",Active,Pre-paid,"NTTN, IIG","Category - B",,1,,No,"Md. Mezbah Uddin Chy","Team Sakib",Sarwar,"CS Azim",Waly,Mahbub,2023-08-01,2022-02-15,Done,2027-07-27,No,
Live,012317076,"M/S. H.R. Enterprise",Active,Pre-paid,"NTTN, IIG","Category - B",,1,,No,"Umaya Afrin Priya","Team Mitul",Anik,"CS Tarikul",Nayeemur,Tawhid,,2026-02-02,,,No,
Live,012003259,"M/s. Help Line",Active,Post-paid,"NTTN, IIG",Divisional,,1,,No,"S.M. Tanvir Rahman","Team Jahirul",Khairul,"CS Tarikul",Tanim,Aftab,2015-04-01,2014-02-16,Done,2026-09-18,No,
Live,012203409,"M/s. I Link Internet Service",Active,Post-paid,"NTTN, IIG",Divisional,,1,,No,"Md. Mostafizur Rahman","Team Fahad",Sarwar,"CS Azim",Tanim,Aftab,2018-06-18,2018-06-18,Done,2023-01-15,No,
Live,012103340,"M/s. IncomIT Solution",Active,Post-paid,"NTTN, IIG",Nationwide,,0.91957498514831471,,Yes,"Md. Abid Hasan","Team Abid",Khairul,"CS Tarikul",Waly,Tawhid,2017-02-07,2023-10-17,Done,2025-07-12,No,
Live,012418243,"M/s. Jamalpur Online",Active,Pre-paid,"NTTN, IIG","Category - A",,1,,No,"Md.Mominul Islam","Team Fahad",Shohag,"CS Mithun",Waly,Monira,2024-09-01,2024-09-01,Done,2022-04-09,No,
Live,012204718,"M/s. JGC Broadband & IT Solution",Active,Pre-paid,"NTTN, IIG","Category - A",,1,,No,"Md. Mustafijur Rahman Shishir","Team Mitul",Sarwar,"CS Azim",Nayeemur,Mahbub,2021-09-02,2021-09-02,Done,2021-11-02,No,
Live,012207135,"M/s. Mahim Electronics",Active,Pre-paid,"NTTN, IIG","Thana - ISP",,1,,Yes,"Md. Mostafizur Rahman","Team Fahad",Asif,"CS Shehave",Waly,Monira,2023-12-21,2023-12-21,Done,2024-10-27,No,
Live,012203106,"M/s. Maya Cyber World",Active,Post-paid,"NTTN, IIG",Divisional,1st,0.65344816440867459,,Yes,"Md. Shahinur Islam Saju","Team Mosabbir",Ehsanul,"CS Mithun",Ejaz,Aftab,2017-03-30,2016-04-20,Done,2027-06-14,No,
Live,012203203,"M/s. Millennium Computer's & Networking",Active,Post-paid,"NTTN, IIG",Divisional,1st,1,,No,"Md. Mostafizur Rahman","Team Fahad",Ehsanul,"CS Mithun",Waly,Aftab,2017-12-01,2018-06-01,Done,2025-06-29,No,
Live,012104799,"M/S. Mostofa Trade Corporation",Active,Pre-paid,IIG,Upazila/Thana,,1,,Yes,"Rubaet Bin Hasan","Team Jahirul",Shareef,"CS Tarikul",N/A,Mahbub,,2026-06-07,,,No,
Live,012307046,"M/s. Multi Link International",Active,Pre-paid,"NTTN, IIG","Category - A",,1,,Yes,"Tabassom Tamanna Haque","Team Abid",Shohag,"CS Mithun",Ejaz,Mahbub,2023-01-01,2022-11-01,Done,2023-01-16,No,
Live,012518337,"M/s. Mux Technologies",Active,Pre-paid,"NTTN, IIG",Upazila/Thana,,1,,No,"Tasnim Rahman Nafis","Team Sakib",Mehedi,"CS Azim",Nayeemur,Monira,,2025-08-01,Done,2027-01-01,No,
Live,012207138,"M/s. Mymensing Easynet BD",Active,Pre-paid,"NTTN, IIG","Thana - ISP",,1,,No,"Md. Mostafizur Rahman","Team Fahad",Asif,"CS Shehave",Ejaz,Monira,2025-03-28,2024-02-20,Done,2023-11-03,No,
Live,012103073,"M/S. Nation Communication (AMAR ISP)",Active,Pre-paid,NTTN,Nationwide,,0.97498866812871166,,Yes,"Tabassom Tamanna Haque","Team Abid",Hasan,"CS Shehave",Tanim,N/A,2017-01-01,,Done,2023-08-10,No,
Live,012207167,"M/S. Posh Communication",Active,Pre-paid,NTTN,"Thana - ISP",,1,,Yes,"Tabassom Tamanna Haque","Team Abid",Shareef,"CS Tarikul",Nayeemur,N/A,,,,,No,
Live,012204731,"M/s. Progoti IT",Active,Pre-paid,"NTTN, IIG","Thana - ISP",,1,,Yes,"Nubuiya Mahfuz Naimee","Team Fahad",Shareef,"CS Tarikul",Tanim,Aftab,2024-01-05,2024-12-31,Done,2023-09-02,No,
Live,012209355,"M/s. Race IT",Active,Pre-paid,IIG,"Thana - ISP",,1,,Yes,"Toukir Azam Chowdhury","Team Sujon",Naznin,"CS Shehave",N/A,Aftab,,2026-05-20,Done,2028-01-31,No,
Live,012204574,"M/s. Rawshanara Internet Communication",Active,Pre-paid,IIG,Divisional,,1,,No,"Md. Fazle Rabbi","Team Sujon",Naznin,"CS Shehave",N/A,Mahbub,,2019-12-02,Expired,2026-06-04,No,
Live,012103142,"M/s. S. S. Ali & Co.",Active,Post-paid,"NTTN, IIG",Divisional,1st,1,Yes,Yes,"SK Sanaullah","Team Ryhan",Tarikul,"CS Tarikul",Tanim,Aftab,2017-04-01,2020-08-01,Done,2021-06-21,No,
Live,012518348,"M/S. Solution",Active,Pre-paid,NTTN,Divisional,1st,1,Yes,No,"Jannatul Nayem","Team Mitul",Shohag,"CS Mithun",Nayeemur,N/A,,,,,No,
Live,012203232,"M/S. Speed Net",Active,Pre+Post-paid,"NTTN, IIG",Divisional,1st,0.91936811774808014,,Yes,"SK Sanaullah","Team Ryhan",Ehsanul,"CS Mithun",Tanim,Aftab,2017-06-24,2017-06-24,Done,2021-11-23,No,
Live,032204838,"M/s. Sreejon Online.Com",Active,Pre-paid,"NTTN, IIG","Category - A",,1,,Yes,"Jannatul Nayem","Team Mitul",Sarwar,"CS Azim",Waly,Mahbub,2021-12-01,2021-11-26,Done,2022-01-12,No,
Live,012204750,"M/S. Step Net System (SNS)",Active,Pre-paid,IIG,Upazila/Thana,,1,,Yes,"Md. Mustafijur Rahman Shishir","Team Mitul",Asif,"CS Shehave",N/A,Monira,,2025-10-16,,,No,
Live,012212753,"M/s. Taltola.Net",Active,Pre-paid,"NTTN, IIG","Category - A",,1,,Yes,"Umaya Afrin Priya","Team Mitul",Shareef,"CS Tarikul",,Tawhid,2024-12-02,2024-12-02,Done,2021-11-27,No,
Live,012106955,"M/s. Techno One Line",Active,Pre-paid,"NTTN, IIG","Category - A",,1,,No,"Umaya Afrin Priya","Team Mitul",Khairul,"CS Tarikul",Nayeemur,Tawhid,2023-06-25,2021-12-17,Done,2021-01-24,No,
Live,012209461,"M/s. Tisha&Tanisha Enterprise",Active,Pre-paid,"NTTN, IIG","Thana - ISP",,1,,No,"Jibeshwar Purakayastha","Team Talha",Mehedi,"CS Azim",Ejaz,Tawhid,2022-08-20,2022-08-20,Done,2027-05-25,No,
Live,012204688,"M/s. Tuhin Enterprise",Active,Post-paid,"NTTN, IIG","Category - A",,1,,Yes,"Abu Talha Shawon","Team Talha",Mehedi,"CS Azim",Waly,Mahbub,2021-07-07,2022-07-29,Done,2026-02-14,No,
Live,012107168,"M/s. Unique Online",Active,Pre-paid,"NTTN, IIG","Thana - ISP",,1,,Yes,"Md. Sohel Rana","Team Jahirul",Sarwar,"CS Azim",Nayeemur,Mahbub,2023-10-28,2023-05-30,Done,2022-02-15,No,
Live,012104747,"M/s. Video Elephant",Active,Pre-paid,"NTTN, IIG","Category - A",,1,,No,"Sadia Nowshin Farin","Team Talha",Shohag,"CS Mithun",Waly,Tawhid,2023-03-01,2021-09-15,Done,2023-04-29,No,
Live,012204667,"M/s. Yes Enterprise",Active,Pre-paid,"NTTN, IIG","Category - C",,1,,No,"Md. Fazle Rabbi","Team Sujon",Shohag,"CS Mithun",Ejaz,Mahbub,2021-06-01,2021-06-01,Done,2024-01-16,No,
Live,012312991,"M/s. Zannat International",Active,Pre-paid,"NTTN, IIG","Category - C",,1,,No,"SK Sanaullah","Team Ryhan",Asif,"CS Shehave",Waly,Mahbub,2023-05-01,2023-05-01,Done,2023-07-22,No,
Live,012204662,"M/s. Zubair IT Expert",Active,Pre-paid,"NTTN, IIG","Category - B",,1,,No,"SK Sanaullah","Team Ryhan",Mehedi,"CS Azim",Waly,Tawhid,2021-04-09,2021-04-10,Done,2022-01-24,No,
Live,012313010,"Ma Internet",Active,Pre-paid,"NTTN, IIG","Thana - ISP",,1,,No,"Umaya Afrin Priya","Team Mitul",Ehsanul,"CS Mithun",Nayeemur,Tawhid,2024-01-07,2024-01-07,Done,2028-02-14,No,
Live,012107147,"Ma Network Service",Active,Pre-paid,IIG,"Thana - ISP",,0.99206349206349209,,No,"Md. Mustafijur Rahman Shishir","Team Mitul",Sarwar,"CS Azim",N/A,Tawhid,,2024-03-08,Done,2025-11-02,No,
Live,012207136,"Maa Internet Service Provider",Active,Post-paid,"NTTN, IIG","Category - C",,1,,Yes,"Md.Mominul Islam","Team Fahad",Mehedi,"CS Azim",Waly,Mahbub,2022-12-01,2022-09-30,Done,2023-09-19,No,
Live,012209335,"Magnet Telecommunication",Active,Pre-paid,NTTN,"Thana - ISP",,1,,No,"Syed Shihab Rahman","Team Abid",Azim,"CS Azim",Waly,Mahbub,2022-11-09,2023-05-09,Done,2026-12-18,No,
Live,012103457,"Maher International",Active,Pre-paid,"NTTN, IIG",Divisional,,1,,Yes,"Md. Mezbah Uddin Chy","Team Sakib",Mehedi,"CS Azim",Nayeemur,Mahbub,,2025-07-09,Done,2023-07-31,No,
Live,012418288,"Mahrin Network",Active,Pre-paid,IIG,Upazila/Thana,,1,,Yes,"Md. Mahin Alam","Team Abid",Anik,"CS Tarikul",N/A,Monira,,2025-01-03,0,2027-05-30,No,
Live,012317108,"Maijdee Supernet",Active,Pre-paid,NTTN,Divisional,,0.60738581146744408,,Yes,"Md.Israfil Khan","Team Israfil",Ehsanul,"CS Mithun",Nayeemur,N/A,2024-12-30,,Done,2027-04-26,No,
Live,012209503,"Maisha Net",Active,Pre-paid,IIG,District,,1,,Yes,"Md.Israfil Khan","Team Israfil",Mithun,"CS Mithun",Tanim,Monira,2024-12-29,2024-11-01,Done,2027-04-27,No,
Live,012004558,"Maltia Network's",Active,Pre-paid,"NTTN, IIG",District,,0.60231414813534534,,Yes,"K.M. Mazharul Islam","Team Mosabbir",Hasan,"CS Shehave",Tanim,Monira,2024-02-29,2024-02-28,Done,2023-09-22,No,
Live,012209466,"Manda Online",Active,Pre-paid,"NTTN, IIG",Upazila/Thana,,0.47207945097159854,,Yes,"Md. Sohel Rana","Team Jahirul",Hasan,"CS Shehave",Nayeemur,Mahbub,,2026-05-01,0,2027-05-30,No,
Live,112203249,"Mango Teleservices Ltd",Active,Post-paid,NTTN,IIG,,1,,Yes,"Toukir Azam Chowdhury","Team Sujon",Mithun,"CS Mithun",Jubayar,N/A,2012-10-15,,Done,2027-04-11,No,
Live,011903151,"Manor IT Limited",Active,Pre-paid,"NTTN, IIG",Nationwide,,0.71568840584436233,,Yes,"Jibeshwar Purakayastha","Team Talha",Mehedi,"CS Azim",Tanim,Monira,2024-06-17,2024-06-14,Done,2026-09-25,No,
Live,022206908,"Master Digital Network",Active,Pre-paid,NTTN,"Cable TV",,1,,No,"Md. Mostafizur Rahman","Team Fahad",Mehedi,"CS Azim",Ejaz,N/A,2021-12-01,,Done,2023-12-31,No,
Live,012313006,"Master IT",Active,Pre-paid,"NTTN, IIG","Thana - ISP",,1,,No,"Mushfek Arefin","Team Mosabbir",Asif,"CS Shehave",Waly,Mahbub,2023-05-21,2023-05-21,Done,2023-03-04,No,
Live,012003178,"Match Net",Active,Post-paid,NTTN,"Thana - ISP",,0.63735521701083842,,Yes,"Kawsar Ahammed Siddiki","Team Israfil",Hasnat,"CS Azim",Tanim,N/A,2015-12-18,,Done,2023-04-29,No,
Live,012204508,"Matrix BD",Active,Post-paid,"NTTN, IIG",Divisional,,1,,Yes,"Md. Mostafizur Rahman","Team Fahad",Khairul,"CS Tarikul",Tanim,Aftab,2019-04-04,2019-04-04,Done,2023-08-08,No,
Live,012204739,"Matuail Broadband Internet",Active,Pre-paid,"NTTN, IIG","Category - A",,1,,Yes,"Nubuiya Mahfuz Naimee","Team Fahad",Asif,"CS Shehave",Waly,Monira,2022-09-08,2022-12-31,Done,2024-01-08,No,
Live,112304707,"Max Hub Limited",Active,Post-paid,"NTTN, ITC",IIG,,0,Yes,Yes,"Jahirul Islam","Team Jahirul",Mithun,"CS Mithun",Ejaz,Jubayar,2021-11-01,2021-11-01,Done,2026-04-13,No,
Live,012314024,"Maxtop Tech",Active,Pre-paid,"NTTN, IIG",Upazila/Thana,,1,,No,"K.M. Mazharul Islam","Team Mosabbir",Khairul,"CS Tarikul",Nayeemur,Monira,,2025-11-11,,,No,
Live,012207137,Mayasoft,Active,Post-paid,"NTTN, IIG","Thana - ISP",,1,,Yes,"Md. Mostafizur Rahman","Team Fahad",Hasan,"CS Shehave",Ejaz,Mahbub,,2025-06-30,Done,2024-01-16,No,
Live,012203179,"Mazeda Networks Ltd.",Active,Pre+Post-paid,"NTTN, IIG",Divisional,1st,1,,Yes,"Syed Shihab Rahman","Team Abid",Mehedi,"CS Azim",Ejaz,Aftab,2016-05-15,2016-05-01,Done,2026-02-27,No,
Live,012209429,"MBD Connection",Active,Pre-paid,"NTTN, IIG","Thana - ISP",,1,,No,"Md. Shamrat Shahriar","Team Ryhan",Shohag,"CS Mithun",Waly,Mahbub,2022-07-01,2022-07-01,Done,2023-09-22,No,
Live,012104726,"MBSM Enterprise",Active,Pre-paid,"NTTN, IIG","Thana - ISP",,1,,Yes,"Md. Fahim Ahmed","Team Ryhan",Asif,"CS Shehave",Waly,Mahbub,2023-04-18,2023-04-18,Done,2023-09-16,No,
Live,012317125,"MC Networks",Active,Pre-paid,"NTTN, IIG",Upazila/Thana,,1,,No,"Umaya Afrin Priya","Team Mitul",Khairul,"CS Tarikul",Ejaz,Monira,,2025-10-16,,,No,
Live,012312963,MEDIACOM,Active,Pre-paid,"NTTN, IIG","Thana - ISP",,1,,No,"S.M. Tanvir Rahman","Team Jahirul",Asif,"CS Shehave",Waly,Mahbub,2023-03-03,2023-03-03,Done,2028-05-02,No,
Live,012203095,"MetroNet Bangladesh Ltd.",Active,Post-paid,"NTTN, IIG",Nationwide,,1,,Yes,"Mosabbir Hussain","Team Mosabbir",Shohag,"CS Mithun",Tanim,Tawhid,2010-12-15,2022-08-24,Done,2022-10-27,No,
Live,012209336,"Miad's Enterprise",Active,Pre-paid,NTTN,"Thana - ISP",,1,,No,"Jibeshwar Purakayastha","Team Talha",Shehave,"CS Shehave",Nayeemur,,2022-06-01,2022-06-01,Done,2027-04-24,No,
Live,012104824,"Microlink Technology",Active,Pre-paid,"NTTN, IIG",Divisional,,1,,Yes,"Md.Israfil Khan","Team Israfil",Hasnat,"CS Azim",Ejaz,Mahbub,2024-11-19,2024-11-19,Done,2024-11-19,No,
Live,012107025,"Minara Firoz Infotech",Active,Pre-paid,"NTTN, IIG","Thana - ISP",,1,,Yes,"Md. Neamul Islam","Team Abid",Sarwar,"CS Azim",Nayeemur,Mahbub,,2026-04-16,Done,2027-04-09,No,
Live,012209475,"Minju Online",Active,Pre-paid,IIG,Upazila/Thana,,1,,Yes,"Md. Mahin Alam","Team Abid",Mehedi,"CS Azim",Nayeemur,Mahbub,,2026-06-11,,,No,
Live,012203227,"MIR Telecom Limited",Active,Post-paid,"NTTN, ITC",IGW,,0,,Yes,"Nubuiya Mahfuz Naimee","Team Fahad",Sarwar,"CS Azim",Nayeemur,Jubayar,2011-08-25,2018-08-16,Done,2027-04-11,No,
Live,012208292,"Miraz Online",Active,Pre-paid,"NTTN, IIG","Thana - ISP",,1,,No,"Md.Mominul Islam","Team Fahad",Shareef,"CS Tarikul",Nayeemur,Tawhid,,2022-09-30,Done,2027-04-09,No,
Live,022303209,"Mirpur Digital Cyber Cable TV Network Ltd.",Active,Post-paid,NTTN,"Cable TV",,0,,No,"Mosabbir Hussain","Team Mosabbir",Azim,"CS Azim",Tanim,N/A,2015-02-13,,Done,2024-12-31,No,
Live,012209513,"Mobile Care",Active,Pre-paid,IIG,"Thana - ISP",,1,,Yes,"Md. Taher Bin Hossain","Team Israfil",Hasan,"CS Shehave",N/A,Mahbub,,2022-10-01,Done,2023-12-15,No,
Live,012312909,"Modhumoti Internet Service",Active,Pre-paid,"NTTN, IIG","Thana - ISP",,1,,Yes,"Rubaet Bin Hasan","Team Jahirul",Asif,"CS Shehave",Nayeemur,Mahbub,,2022-10-01,,,No,
Live,012304792,"Moghbazar Dot Net",Active,Pre-paid,IIG,Upazila/Thana,,1,,Yes,"Md. Abid Hasan","Team Abid",Sarwar,"CS Azim",Nayeemur,Mahbub,,2025-02-03,Done,2024-02-13,No,
Live,012004610,"Molla Soft Net Technology",Active,Pre-paid,"NTTN, IIG",Divisional,,1,,Yes,"Md. Sohel Rana","Team Jahirul",Tarikul,"CS Tarikul",Tanim,Mahbub,2020-10-17,2020-10-16,Done,2024-08-07,No,
Live,012418212,"Mondal Communication",Active,Pre-paid,IIG,"Thana - ISP",,1,,No,"Md. Fahim Ahmed","Team Ryhan",Hasnat,"CS Azim",N/A,Monira,,2024-05-23,0,2028-05-07,No,
Live,012314036,"Moumita Online",Active,Pre-paid,NTTN,"Thana - ISP",,1,,No,"Md. Mustafijur Rahman Shishir","Team Mitul",Hasan,"CS Shehave",Waly,N/A,2024-04-25,2023-01-31,Done,2027-05-28,No,
Live,012208260,"MSF Network",Active,Pre-paid,"NTTN, IIG","Thana - ISP",,1,,No,"Tabassom Tamanna Haque","Team Abid",Anik,"CS Tarikul",Ejaz,Mahbub,2024-07-01,2024-05-01,Done,2027-04-06,No,
Live,012312997,"Mudafa Fiber Net",Active,Pre-paid,"NTTN, IIG","Category - B",,1,,No,"Md. Mahin Alam","Team Abid",Asif,"CS Shehave",Waly,Mahbub,2024-11-19,2023-05-02,Done,2024-09-17,No,
Live,012203344,"Mynet Technologies",Active,Post-paid,NTTN,Divisional,1st,1,,Yes,"Md. Fahim Ahmed","Team Ryhan",Anik,"CS Tarikul",Nayeemur,N/A,2018-02-01,,Done,2023-01-17,No,
Live,012209294,"Nabiha Broadband (NB)",Active,Pre-paid,"NTTN, IIG","Thana - ISP",,1,,No,"Md. Mostafizur Rahman","Team Fahad",Shohag,"CS Mithun",Ejaz,Mahbub,2023-01-01,2022-12-31,Done,2027-03-21,No,
Live,012104773,"Nalta Vision",Active,Pre-paid,"NTTN, IIG","Category - C",,1,,No,"SK Sanaullah","Team Ryhan",Asif,"CS Shehave",Waly,Mahbub,2021-10-15,2021-10-15,Done,2023-03-04,No,
Live,012317073,"Naria Online",Active,Pre-paid,"NTTN, IIG",District,,1,,No,Ashak-A-Mahbub,"Team Abid",Khairul,"CS Tarikul",Ejaz,Monira,2023-09-21,2023-09-20,Done,2026-11-17,No,
Live,012518344,"Nayapara Fiber Online",Active,Pre-paid,"NTTN, IIG",Upazila/Thana,,0.4785633528148498,,No,"Md. Mahin Alam","Team Abid",Anik,"CS Tarikul",Ejaz,Monira,,2025-08-29,Done,2027-05-03,No,
Live,012418204,"Nazifa Online",Active,Pre-paid,"NTTN, IIG","Thana - ISP",,1,,Yes,"Md. Mezbah Uddin Chy","Team Sakib",Asif,"CS Shehave",Waly,Monira,2024-04-26,2024-04-26,Done,2024-08-31,No,
Live,012304478,"Neef IT Limited",Active,Post-paid,"NTTN, IIG",Divisional,,1,,No,"Abul Khayer Md. Fahad","Team Fahad",Naznin,"CS Shehave",Ejaz,Mahbub,2019-01-01,2018-12-26,Done,2023-11-27,No,
Live,012618385,"Net 2 Home Communication",Active,Pre-paid,IIG/NTTN,Upazila/Thana,,1,,No,"Md. Neamul Islam","Team Abid",Tarikul,"CS Tarikul",Nayeemur,Mahbub,,,,,No,
Live,012208291,"Net Dunia",Active,Pre-paid,"NTTN, IIG","Thana - ISP",,1,,Yes,"Md. Taher Bin Hossain","Team Israfil",Shohag,"CS Mithun",Waly,Monira,2023-12-29,2023-12-29,Done,2022-08-11,No,
Live,012209460,"Net Plus Communications",Active,Pre-paid,"NTTN, IIG","Thana - ISP",,1,,No,"Md. Fahim Ahmed","Team Ryhan",Hasan,"CS Shehave",Waly,Mahbub,,2022-07-15,Done,2027-05-28,No,
Live,012209463,"Net Point BD",Active,Pre-paid,"NTTN, IIG","Thana - ISP",,1,,No,"S.M. Tanvir Rahman","Team Jahirul",Mehedi,"CS Azim",Waly,Mahbub,2022-07-01,2022-07-20,Done,2027-09-04,No,
Live,012418226,"Net Relation",Active,Pre-paid,NTTN,Divisional,,1,,Yes,"Jibeshwar Purakayastha","Team Talha",Sarwar,"CS Azim",Ejaz,N/A,,,Done,2028-03-11,No,
Live,012312987,"Net Satellite",Active,Pre-paid,"NTTN, IIG","Thana - ISP",,1,,No,"Md. Mezbah Uddin Chy","Team Sakib",Naznin,"CS Shehave",Nayeemur,Tawhid,,2023-04-06,Done,2026-11-07,No,
Live,012208263,"Net Zone",Active,Pre-paid,"NTTN, IIG","Thana - ISP",,0.88786802078445692,,No,"Sadia Nowshin Farin","Team Talha",Khairul,"CS Tarikul",Waly,Tawhid,2022-07-22,2022-08-01,Done,2024-01-29,No,
Live,012207086,"Netcom Internet Service",Active,Pre-paid,"NTTN, IIG","Thana - ISP",,1,,No,"Syed Shihab Rahman","Team Abid",Khairul,"CS Tarikul",Waly,Mahbub,2022-03-01,2022-03-01,Done,2027-07-23,No,
Live,012209566,Net-E-Zen,Active,Pre-paid,"NTTN, IIG","Thana - ISP",,1,,Yes,"Sadia Nowshin Farin","Team Talha",Hasnat,"CS Azim",Ejaz,Tawhid,2024-04-27,2024-04-27,Done,2023-03-27,No,
Live,012203431,Netscope,Active,Post-paid,"NTTN, IIG",Divisional,,1,,Yes,"Md Mohsin Sujon","Team Sujon",Naznin,"CS Shehave",Tanim,Mahbub,2018-08-02,2018-07-31,Done,2023-01-17,No,
Live,012104713,Netway,Active,Pre-paid,"NTTN, IIG","Category - C",,1,,No,"S.M. Tanvir Rahman","Team Jahirul",Hasan,"CS Shehave",Waly,Mahbub,2022-02-04,2021-09-06,Done,2024-07-31,No,
Live,012207089,"Network Park",Active,Pre-paid,"NTTN, IIG",Upazila/Thana,,1,,No,"Md. Sohel Rana","Team Jahirul",Mehedi,"CS Azim",Waly,Mahbub,,2025-03-01,Done,2026-11-13,No,
Live,012312971,"Network Solution",Active,Pre-paid,NTTN,District,,1,,Yes,"Md. Shamrat Shahriar","Team Ryhan",Mehedi,"CS Azim",Ejaz,N/A,,,Done,2026-12-11,No,
Live,012418202,"New Sky Online",Active,Pre-paid,"NTTN, IIG","Thana - ISP",,1,,No,"Md.Noor Hossain","Team Israfil",Hasnat,"CS Azim",Nayeemur,Mahbub,,2025-06-30,Done,2027-01-12,No,
Live,012104715,"New Top Link",Active,Pre-paid,IIG,Upazila/Thana,,#DIV/0!,,Yes,"Mollick Tanzim Akhtar","Team Mosabbir",Shehave,"CS Shehave",N/A,Tawhid,,2025-12-31,,,No,
Live,012208262,"Next Gen Online",Active,Pre-paid,"NTTN, IIG",District,,1,,Yes,"Rubaiyat Rahman","Team Jahirul",Khairul,"CS Tarikul",Waly,Aftab,,2025-02-01,Done,2027-04-24,No,
Live,012203078,"Next Online Limited",Active,Post-paid,NTTN,Nationwide,,1,,Yes,"Md. Mustafijur Rahman Shishir","Team Mitul",Mithun,"CS Mithun",Ejaz,N/A,2012-08-30,,Done,2023-04-16,No,
Live,012209510,"Next System",Active,Pre-paid,IIG,"Thana - ISP",,1,,No,"Md. Mezbah Uddin Chy","Team Sakib",Sarwar,"CS Azim",N/A,Mahbub,,2022-09-02,Done,2027-05-30,No,
Live,012209434,"Ninja Network online",Active,Pre-paid,IIG,"Thana - ISP",,1,,Yes,"Mollick Tanzim Akhtar","Team Mosabbir",Shehave,"CS Shehave",N/A,Mahbub,,2026-04-30,Done,2027-05-30,No,
Live,012003410,"Noakhali Broadband Network",Active,Pre-paid,"NTTN, IIG",Divisional,,1,,Yes,"Md.Noor Hossain","Team Israfil",Tarikul,"CS Tarikul",Tanim,Monira,2023-12-25,2023-12-15,Done,2022-09-17,No,
Live,012418268,"Non-Stop Network",Active,Pre-paid,"NTTN, IIG",Upazila/Thana,,1,,Yes,"Sadia Nowshin Farin","Team Talha",Shehave,"CS Shehave",Nayeemur,Tawhid,,2025-11-01,,,No,
Live,012209424,"Noor Communication Online Network",Active,Pre-paid,IIG,Upazila/Thana,,1,,Yes,"Kawsar Ahammed Siddiki","Team Israfil",Hasnat,"CS Azim",N/A,Mahbub,,2025-09-01,0,2024-01-16,No,
Live,012103444,"North Bengal Online",Active,Post-paid,NTTN,Divisional,,1,,Yes,"Md. Sohel Rana","Team Jahirul",Naznin,"CS Shehave",Tanim,Aftab,2018-08-14,2018-08-14,Done,2023-02-17,No,
Live,071903295,"Novocom Limited",Active,Post-paid,NTTN,IIG,,1,,Yes,"Partha Pratim Sarkar","Team Jahirul",Sarwar,"CS Azim",Tanim,N/A,2013-01-13,,Done,2027-01-05,No,
Live,061903255,"NovoTel Limited",Active,Post-paid,NTTN,IGW,,1,,Yes,"Partha Pratim Sarkar","Team Jahirul",Sarwar,"CS Azim",Tanim,N/A,2013-05-21,,Done,2027-04-11,No,
Live,012418209,"NR Link",Active,Pre-paid,NTTN,Upazila/Thana,,1,,Yes,"Md. Mahin Alam","Team Abid",Shehave,"CS Shehave",Nayeemur,Monira,,2026-02-05,,,No,
Live,012203161,"Nreach-Net (Pvt.) Ltd",Active,Pre-paid,NTTN,Nationwide,2nd,0.91496223764532769,,Yes,"Toukir Azam Chowdhury","Team Sujon",Mehedi,"CS Azim",Nayeemur,N/A,2017-09-29,,Done,2023-09-08,No,
Live,012106907,"Nur Network Communication",Active,Pre-paid,"NTTN, IIG",District,,1,,No,"Jannatul Nayem","Team Mitul",Ehsanul,"CS Mithun",Tanim,Mahbub,2022-03-01,2022-01-07,Done,2026-11-25,No,
Live,012317124,"Off Tech IT Bangladesh",Active,Pre-paid,NTTN,"Thana - ISP",,1,,No,"Md. Taher Bin Hossain","Team Israfil",Azim,"CS Azim",Ejaz,N/A,,,Done,2023-02-06,No,
Live,012209411,"One Net",Active,Pre-paid,IIG,Upazila/Thana,,1,,No,"Rubaiyat Rahman","Team Jahirul",Shareef,"CS Tarikul",N/A,Monira,,2025-10-01,,,No,
Live,012203116,"One Sky Communications Limited",Active,Post-paid,NTTN,Nationwide,,0.50350788762136378,,Yes,"Partha Pratim Sarkar","Team Jahirul",Shareef,"CS Tarikul",Waly,Aftab,2017-02-01,2025-02-01,Done,2024-01-27,No,
Live,012212755,"One Touch Online",Active,Pre-paid,IIG,"Thana - ISP",,1,,Yes,"Nubuiya Mahfuz Naimee","Team Fahad",Khairul,"CS Tarikul",Nayeemur,Mahbub,,2022-11-16,,,No,
Live,012203145,"Optimax Communication Ltd.",Active,Pre+Post-paid,"NTTN, IIG",Nationwide,,1,Yes,Yes,"Toukir Azam Chowdhury","Team Sujon",Mithun,"CS Mithun",Jubayar,Mahbub,2010-12-15,2021-09-29,Done,2019-09-28,No,
Live,012209295,"Optimus Online",Active,Pre-paid,"NTTN, IIG",Upazila/Thana,,0.96413048927694067,,No,"Md.Noor Hossain","Team Israfil",Naznin,"CS Shehave",Nayeemur,Monira,,2026-04-01,,,No,
Live,012203104,"Orange Communication",Active,Post-paid,NTTN,Nationwide,Both,1,,Yes,"Md. Sakib Aziz","Team Sakib",Mehedi,"CS Azim",Waly,Aftab,2017-04-01,2016-08-15,Done,2021-09-21,No,
Live,012104581,"Our Online",Active,Pre-paid,NTTN,Divisional,,1,,Yes,"Tasnim Rahman Nafis","Team Sakib",Naznin,"CS Shehave",,Mahbub,,2026-04-26,WIP,2026-12-17,No,
Live,012518309,"Oxygen Internet Service",Active,Pre-paid,"NTTN, IIG",Upazila/Thana,,1,,No,"K.M. Mazharul Islam","Team Mosabbir",Azim,"CS Azim",Waly,Aftab,,2025-02-14,Done,2028-01-30,No,
Live,012204646,"Palashbari Online",Active,Pre-paid,"NTTN, IIG","Thana - ISP",,1,,Yes,"Md. Shahinur Islam Saju","Team Mosabbir",Asif,"CS Shehave",Waly,Monira,2023-11-10,2023-10-01,Done,2025-03-24,No,
Live,012209325,"Palli Broadband",Active,Pre-paid,"NTTN, IIG","Thana - ISP",,1,,No,"Md. Shahinur Islam Saju","Team Mosabbir",Azim,"CS Azim",Ejaz,Monira,,2025-08-01,Done,2027-03-02,No,
Live,012004504,"Pan M Tech Limited",Active,Post-paid,NTTN,Nationwide,,1,,Yes,"Sadia Nowshin Farin","Team Talha",Hasan,"CS Shehave",Ejaz,N/A,,,Done,2027-10-05,No,
Live,012304760,"Pandora Technology",Active,Pre-paid,"NTTN, IIG","Category - A",,1,,Yes,"Md. Abid Hasan","Team Abid",Anik,"CS Tarikul",Waly,Monira,2021-12-04,2021-09-21,Done,2023-04-21,No,
Live,012203066,"Paradise Technologies Ltd.",Active,Post-paid,"NTTN, IIG",Nationwide,,1,,Yes,"Nubuiya Mahfuz Naimee","Team Fahad",Tarikul,"CS Tarikul",Tanim,Mahbub,,2025-09-10,Done,2021-06-26,No,
Live,012203319,"Paradise Telecom Ltd.",Active,Post-paid,NTTN,Nationwide,,1,,No,"Nubuiya Mahfuz Naimee","Team Fahad",Tarikul,"CS Tarikul",Nayeemur,N/A,2013-01-16,,Done,2027-04-11,No,
Live,012003263,"Parvez Enterprise Cable Network System",Active,Post-paid,NTTN,"Cable TV",,1,,No,"Syed Shihab Rahman","Team Abid",Shareef,"CS Tarikul",Palash,N/A,2011-07-15,,Done,2025-12-31,No,
Live,012004615,"Patriot Technologies",Active,Pre-paid,"NTTN, IIG",Divisional,,1,,Yes,"S.M. Tanvir Rahman","Team Jahirul",Shehave,"CS Shehave",Nayeemur,Monira,,2026-04-07,,,No,
Live,012312907,"PCV Broadband",Active,Pre-paid,IIG,"Category - A",,1,,No,"Nubuiya Mahfuz Naimee","Team Fahad",Asif,"CS Shehave",,Mahbub,2023-06-25,2023-03-01,Done,2023-10-27,No,
Live,072103386,"Peerex Networks Limited",Active,Post-paid,"NTTN, ITC",IIG,,0.87268873710904737,,Yes,"Mosabbir Hussain","Team Mosabbir",Naznin,"CS Shehave",Tanim,Jubayar,2021-12-01,2018-06-01,Done,2027-04-12,No,
Live,012209334,"Penta Online",Active,Pre-paid,"NTTN, IIG",Divisional,,1,,No,"Md. Fahim Ahmed","Team Ryhan",Hasan,"CS Shehave",Nayeemur,Tawhid,2022-06-02,2022-06-02,Done,2027-04-19,No,
Live,012206886,"Penta Six Communication",Active,Pre-paid,"NTTN, IIG",District,,1,,Yes,"Nubuiya Mahfuz Naimee","Team Fahad",Hasan,"CS Shehave",Nayeemur,Mahbub,2024-02-16,2025-09-10,Done,2026-10-27,No,
Live,012203403,"Peoples Integrated Alliance (PIA)",Active,Post-paid,"NTTN, IIG",Divisional,,0.73233821751660744,,No,"Md. Shahinur Islam Saju","Team Mosabbir",Sarwar,"CS Azim",Nayeemur,Aftab,2018-06-01,2020-02-11,Done,2023-03-31,No,
Live,012104698,"Pioneer IT",Active,Pre-paid,"NTTN, IIG","Category - C",,1,,Yes,"Md. Sohel Rana","Team Jahirul",Asif,"CS Shehave",Waly,Monira,2021-08-01,2021-08-01,Done,2023-03-28,No,
Live,012203449,"Plexus Cloud",Active,Post-paid,"NTTN, IIG",Nationwide,,1,Yes,Yes,"Umaya Afrin Priya","Team Mitul",Shareef,"CS Tarikul",Waly,Monira,2018-09-01,2021-10-04,Done,2023-06-19,No,
Live,012204537,"Plusnet Inc.",Active,Post-paid,"NTTN, IIG",Divisional,,1,Yes,Yes,"Abul Khayer Md. Fahad","Team Fahad",Tarikul,"CS Tarikul",Waly,Aftab,2019-09-04,2019-09-01,Done,2024-08-07,No,
Live,012212804,"Polly IT",Active,Pre-paid,IIG,Upazila/Thana,,1,,Yes,"Abul Khayer Md. Fahad","Team Fahad",Mehedi,"CS Azim",N/A,Tawhid,,2025-12-31,,,No,
Live,012204645,"Power Net",Active,Pre-paid,"NTTN, IIG",District,,1,,Yes,"Md. Mahin Alam","Team Abid",Shehave,"CS Shehave",Nayeemur,Tawhid,,2025-11-10,,,No,
Live,012312924,"PR Network",Active,Pre-paid,IIG,"Thana - ISP",,1,,Yes,"Sadia Nowshin Farin","Team Talha",Shehave,"CS Shehave",N/A,Tawhid,,2025-12-11,,,No,
Live,012004489,"Premium Connectivity Ltd",Active,Post-paid,"NTTN, IIG",Nationwide,,1,,Yes,"Tabassom Tamanna Haque","Team Abid",Tarikul,"CS Tarikul",Ejaz,Aftab,2019-04-24,2019-08-28,Done,2023-12-03,No,
Live,012003062,"Prisma Digital Network Ltd",Active,Pre+Post-paid,"NTTN, IIG",Nationwide,1st,0.154668682146507,,No,"Sadia Nowshin Farin","Team Talha",Sarwar,"CS Azim",Ejaz,Aftab,2010-12-15,2026-04-14,Done,2021-09-21,No,
Live,012209650,"Progressive Enterprise",Active,Pre-paid,"NTTN, IIG","Thana - ISP",,1,,No,"Md Mohsin Sujon","Team Sujon",Ehsanul,"CS Mithun",Waly,Monira,2024-10-15,2024-03-01,Done,2026-11-07,No,
Live,012418261,"Proton Communication",Active,Pre-paid,IIG/NTTN,Upazila/Thana,,1,,No,"Md.Mominul Islam","Team Fahad",Asif,"CS Shehave",Ejaz,Monira,,2026-06-21,,,No,
Live,042203211,"Purple Telecom Limited",Active,Post-paid,NTTN,ICX,,1,,No,"Toukir Azam Chowdhury","Team Sujon",Hasnat,"CS Azim",Tanim,N/A,2013-02-02,,Done,2027-04-11,No,
Live,012418183,"Quad Technology and Infotech Limited",Active,Pre-paid,NTTN,District,,1,,No,Ashak-A-Mahbub,"Team Abid",Ehsanul,"CS Mithun",Waly,N/A,2024-02-16,,Done,2026-11-10,No,
Live,012106966,"Que Tel BD.",Active,Pre-paid,IIG,Upazila/Thana,,1,,Yes,"Mollick Tanzim Akhtar","Team Mosabbir",Anik,"CS Tarikul",N/A,Monira,,2025-02-25,Done,2024-01-29,No,
Live,012312983,"R K Net",Active,Pre-paid,"NTTN, IIG","Thana - ISP",,1,,No,"Toukir Azam Chowdhury","Team Sujon",Shohag,"CS Mithun",Ejaz,Tawhid,2025-01-31,2023-05-01,Done,2027-05-30,No,
Live,012317109,"R.N. Communications",Active,Pre-paid,"NTTN, IIG","Category - C",,1,,No,"Md.Noor Hossain","Team Israfil",Hasan,"CS Shehave",Waly,Monira,2023-11-09,2023-11-09,Done,2023-07-22,No,
Live,012418238,"Rabbit Internet",Active,Pre-paid,"NTTN, IIG","Thana - ISP",,1,,Yes,"Tasnim Rahman Nafis","Team Sakib",Shohag,"CS Mithun",Waly,Monira,,2024-08-31,Done,2027-05-31,No,
Live,012203091,"Race Online Limited",Active,Post-paid,"NTTN, IIG, NIX",Nationwide,,1,,Yes,"Abul Khayer Md. Fahad","Team Fahad",Tarikul,"CS Tarikul",Tanim,Aftab,2016-08-05,2022-09-14,Done,2024-09-14,No,
Live,012203114,"Radiant Communications Limited",Active,Pre-paid,NTTN,Nationwide,,1,,Yes,"Md. Wahiduzzaman Shanto","Team Ryhan",Shareef,"CS Tarikul",Nayeemur,Mahbub,2010-12-13,2023-07-06,Done,2022-02-27,No,
Live,112207169,"Radiant Communications Limited-IIG",Active,Pre-paid,NTTN,IIG,,1,,Yes,"Md. Wahiduzzaman Shanto","Team Ryhan",Shareef,"CS Tarikul",Nayeemur,N/A,2022-07-26,,Done,2027-12-02,No,
Live,012209375,"Raida Online",Active,Pre-paid,"NTTN, IIG",Upazila/Thana,,1,,Yes,"Md. Fazle Rabbi","Team Sujon",Anik,"CS Tarikul",Ejaz,Aftab,,2025-05-01,Done,2027-02-23,No,
Live,012312928,"Raisa Internet",Active,Pre-paid,NTTN,"Thana - ISP",,#DIV/0!,,No,"Md.Mominul Islam","Team Fahad",Shareef,"CS Tarikul",Nayeemur,Tawhid,2022-06-01,2022-06-01,Done,2027-04-24,No,
Live,012314015,"Rakib Communication",Active,Pre-paid,"NTTN, IIG","Thana - ISP",,1,,No,"SK Sanaullah","Team Ryhan",Anik,"CS Tarikul",Nayeemur,Monira,2023-08-31,2023-07-07,Done,2026-12-26,No,
Live,012204580,"Ramdia Online",Active,Pre-paid,"NTTN, IIG",Divisional,,1,,Yes,Ashak-A-Mahbub,"Team Abid",Hasan,"CS Shehave",Ejaz,Tawhid,2020-10-17,2020-11-30,Done,2024-12-16,No,
Live,012104732,"Ramss Net",Active,Pre-paid,"NTTN, IIG","Category - C",,1,,No,"Toukir Azam Chowdhury","Team Sujon",Shohag,"CS Mithun",Nayeemur,Monira,,2022-03-01,Done,2024-10-27,No,
Live,012103039,"Ranks ITT Ltd.",Active,Post-paid,"NTTN, IIG",Nationwide,,1,,Yes,"Umaya Afrin Priya","Team Mitul",Shohag,"CS Mithun",Tanim,Aftab,2012-06-30,2024-07-01,Done,2028-09-12,No,
Live,082103126,"Ranks Telecom Limited",Active,Post-paid,NTTN,IGW,,1,,Yes,"Umaya Afrin Priya","Team Mitul",Shohag,"CS Mithun",Tanim,N/A,2011-11-04,,Done,2027-02-11,No,
Live,012104820,"Rapid Broadband",Active,Pre-paid,"NTTN, IIG","Category - A",,1,,No,"Jannatul Nayem","Team Mitul",Anik,"CS Tarikul",N/A,Mahbub,,2021-10-11,Done,2023-10-27,No,
Live,012312895,"Rapid Network",Active,Pre-paid,"NTTN, IIG",District,,0.73372655641745776,,Yes,"Md. Mahin Alam","Team Abid",Anik,"CS Tarikul",Waly,Mahbub,2024-06-13,2024-06-03,Done,2026-11-14,No,
Live,012209494,"Ray Communications",Active,Pre-paid,"NTTN, IIG",District,,1,,No,"Md. Shamrat Shahriar","Team Ryhan",Anik,"CS Tarikul",Tanim,Mahbub,2022-09-01,2022-09-01,Done,2027-09-19,No,
Live,012209458,"Ray Internet Service Provider",Active,Pre-paid,"NTTN, IIG","Thana - ISP",,1,,No,Ashak-A-Mahbub,"Team Abid",Shareef,"CS Tarikul",Waly,Mahbub,2022-09-01,2022-09-01,Done,2027-05-30,No,
Live,012518349,"Razib Communication",Active,Pre-paid,"NTTN, IIG",Upazila/Thana,,1,,Yes,"Md. Mahin Alam","Team Abid",Sarwar,"CS Azim",Nayeemur,Mahbub,,2025-09-10,WIP,2027-04-03,No,
Live,012209529,"Real Station Broadband",Active,Pre-paid,IIG,"Thana - ISP",,1,,No,"Kawsar Ahammed Siddiki","Team Israfil",Anik,"CS Tarikul",,Monira,,2024-01-01,Done,2022-04-04,No,
Live,012003292,"Red Data (Pvt.) Limited",Active,Post-paid,NTTN,Nationwide,,1,,Yes,"Md Mohsin Sujon","Team Sujon",Sarwar,"CS Azim",Waly,N/A,2017-04-01,,Done,2027-09-16,No,
Live,012004545,"Red Network Ltd.",Active,Pre+Post-paid,"NTTN, IIG",Divisional,,0.88911514018109916,,Yes,"SK Sanaullah","Team Ryhan",Anik,"CS Tarikul",Ejaz,Aftab,2019-09-23,2019-09-30,Done,2024-09-04,No,
Live,112209451,"Rego Communications Ltd.",Active,Post-paid,"NTTN, ITC",IIG,,1,Yes,Yes,"Abu Talha Shawon","Team Talha",Khairul,"CS Tarikul",Ejaz,Jubayar,2012-10-18,2022-07-02,Done,2027-04-11,No,
Live,012207221,"Relation Cable Network",Active,Pre-paid,"NTTN, IIG","Thana - ISP",,1,,Yes,"Tasnim Rahman Nafis","Team Sakib",Asif,"CS Shehave",Ejaz,Monira,2025-03-22,2025-03-22,Done,2023-03-27,No,
Live,012317062,"Relax Internet Network",Active,Pre-paid,"NTTN, IIG","Thana - ISP",,0.63262771092835901,,No,"K.M. Mazharul Islam","Team Mosabbir",Asif,"CS Shehave",Waly,Monira,2023-08-31,2023-08-31,Done,2028-02-06,No,
Live,012206962,"Renaissance Online Cyber Cafe",Active,Pre-paid,"NTTN, IIG",District,,1,,Yes,"Sadia Nowshin Farin","Team Talha",Hasan,"CS Shehave",Waly,Monira,2021-03-23,2021-03-23,Done,2026-08-02,No,
Live,012104719,"Right Net",Active,Pre-paid,"NTTN, IIG",Upazila/Thana,,0.89809603640282598,,No,"Md.Noor Hossain","Team Israfil",Khairul,"CS Tarikul",Nayeemur,Monira,,2026-03-01,,,No,
Live,012212861,"Rightway Broadband",Active,Pre-paid,"NTTN, IIG",District,,1,,No,"Sadia Nowshin Farin","Team Talha",Shohag,"CS Mithun",Ejaz,Monira,,2025-04-01,Done,2026-10-30,No,
Live,042003064,"Ring Tech (Bangladesh) Ltd",Active,Post-paid,NTTN,ICX,,0.5,,No,"Jannatul Nayem","Team Mitul",Shohag,"CS Mithun",Tanim,N/A,2014-06-01,,Done,2027-04-11,No,
Live,012209347,"Rising BD.Com",Active,Pre-paid,"NTTN, IIG",District,,1,,No,"Jibeshwar Purakayastha","Team Talha",Shareef,"CS Tarikul",Waly,Monira,2024-09-13,2024-09-13,Done,2027-05-23,No,
Live,022518311,"Riya Satellite Cable Network",Active,Pre-paid,NTTN,"Cable TV",,1,,No,"K.M. Mazharul Islam","Team Mosabbir",Hasnat,"CS Azim",Ejaz,N/A,,,WIP,2026-12-31,No,
Live,012209393,"RM Communication Limited",Active,Pre-paid,"NTTN, IIG",Divisional,,1,,No,"Md.Israfil Khan","Team Israfil",Ehsanul,"CS Mithun",Ejaz,Monira,,2025-09-27,Done,2024-02-05,No,
Live,012304795,"Rocket Internet Service",Active,Pre-paid,IIG,Upazila/Thana,,1,,Yes,"Md. Mahin Alam","Team Abid",Shehave,"CS Shehave",N/A,Monira,,2025-12-31,,,No,
Live,012104830,"Rodela Online",Active,Pre-paid,"NTTN, IIG",Upazila/Thana,,1,,No,"Asif Ahamed Dipu","Team Ryhan",Khairul,"CS Tarikul",Nayeemur,Monira,,2026-02-01,,,No,
Live,012004596,"Romance Cable Network",Active,Pre-paid,"NTTN, IIG",Divisional,,1,,No,"Md. Shamrat Shahriar","Team Ryhan",Ehsanul,"CS Mithun",Tanim,Aftab,2020-06-01,2020-06-01,Expired,2018-06-29,No,
Live,012106884,"Rony Online Communication",Active,Pre-paid,"NTTN, IIG","Thana - ISP",,1,,Yes,"Md. Taher Bin Hossain","Team Israfil",Sarwar,"CS Azim",Waly,Monira,2024-09-01,2024-09-01,Done,2028-02-17,No,
Live,012104831,"Roshni Communication",Active,Pre-paid,"NTTN, IIG","Thana - ISP",,1,,No,"Md. Mustafijur Rahman Shishir","Team Mitul",Asif,"CS Shehave",Ejaz,Mahbub,,2025-06-02,Done,2028-01-05,No,
Live,012203162,"Royal Green Limited",Active,Post-paid,"NTTN, IIG",Nationwide,,1,,Yes,"Toukir Azam Chowdhury","Team Sujon",Mehedi,"CS Azim",Ejaz,Monira,,2025-09-25,,,No,
Live,012004538,Royalnet,Active,Pre-paid,"NTTN, IIG",Divisional,,1,,No,"SK Sanaullah","Team Ryhan",Hasan,"CS Shehave",Ejaz,Tawhid,2019-09-08,2019-09-30,Done,2024-08-20,No,
Live,012209496,"RSI Net",Active,Pre-paid,"NTTN, IIG",District,,1,,No,"Toukir Azam Chowdhury","Team Sujon",Anik,"CS Tarikul",Waly,Mahbub,2023-06-27,2023-06-27,Done,2027-05-17,No,
Live,012204502,"Rumel IT",Active,Pre+Post-paid,"NTTN, IIG",Divisional,,1,,No,"Md. Mostafizur Rahman","Team Fahad",Hasan,"CS Shehave",Nayeemur,Aftab,2019-06-30,2019-06-30,Done,2023-12-16,No,
Live,012207205,"Rupganj Online",Active,Pre-paid,"NTTN, IIG","Thana - ISP",,1,,Yes,"Md. Mahin Alam","Team Abid",Asif,"CS Shehave",Ejaz,Mahbub,,2025-05-22,Done,2026-11-27,No,
Live,012312900,"Ruppur Communication Network",Active,Pre-paid,"NTTN, IIG","Thana - ISP",,1,,No,"Md. Sohel Rana","Team Jahirul",Shareef,"CS Tarikul",Waly,Mahbub,2024-10-16,2023-01-19,Done,2027-06-21,No,
Live,012203350,"Rural Development Project Network",Active,Pre-paid,"NTTN, IIG",Divisional,,1,,Yes,"Md. Mahin Alam","Team Abid",Hasan,"CS Shehave",Waly,Aftab,,2025-03-06,Done,2023-01-22,No,
Live,012204552,"RV Cyber World",Active,Pre-paid,NTTN,Divisional,,1,,Yes,"Mushfek Arefin","Team Mosabbir",Sarwar,"CS Azim",Ejaz,N/A,2020-03-03,,Done,2024-09-21,No,
Live,042303050,"S R Telecom Ltd.",Active,Post-paid,NTTN,ICX,,1,,No,"Mosabbir Hussain","Team Mosabbir",Shareef,"CS Tarikul",Tanim,N/A,2017-01-17,,Done,2027-04-12,No,
Live,012318162,"S&S Communication",Active,Pre-paid,"NTTN, IIG","Thana - ISP",,1,,No,"Mollick Tanzim Akhtar","Team Mosabbir",Hasnat,"CS Azim",Ejaz,Monira,2024-08-16,2023-12-15,Done,2027-01-10,No,
Live,012618379,"S.K Broadband Internet Service",Active,Pre-paid,"NTTN, IIG",Upazila/Thana,,0,,No,"Md. Shamrat Shahriar","Team Ryhan",Hasnat,"CS Azim",Nayeemur,Tawhid,,2026-05-04,,,No,
Live,012418232,"S.K. Network & Communications",Active,Pre-paid,"NTTN, IIG","Thana - ISP",,1,,No,"Md.Mominul Islam","Team Fahad",Ehsanul,"CS Mithun",Nayeemur,Monira,2024-07-16,2024-07-16,Done,2024-02-19,No,
Live,012312961,"Sadat Internet Service",Active,Pre-paid,"NTTN, IIG","Thana - ISP",,1,,No,"Umaya Afrin Priya","Team Mitul",Asif,"CS Shehave",Nayeemur,Mahbub,2023-04-01,2023-04-01,Done,2027-04-03,No,
Live,012312888,"Sajeda Network",Active,Pre-paid,"NTTN, IIG","Thana - ISP",,1,,No,"Abu Talha Shawon","Team Talha",Ehsanul,"CS Mithun",Ejaz,Tawhid,2024-02-01,2024-02-01,Done,2024-01-29,No,
Live,012203387,"Salt Sync",Active,Pre+Post-paid,"NTTN, IIG",Divisional,,1,,Yes,"SK Sanaullah","Team Ryhan",Hasan,"CS Shehave",Ejaz,Aftab,2018-06-02,2018-07-01,Done,2023-11-05,No,
Live,012204564,"SAM Online",Active,Pre-paid,"NTTN, IIG, NIX",Divisional,,1,,Yes,"Abul Khayer Md. Fahad","Team Fahad",Naznin,"CS Shehave",Ejaz,Mahbub,2019-11-05,2019-11-04,Done,2023-11-01,No,
Live,012618376,"Santahar online",Active,Pre-paid,NTTN,"Thana - ISP",,1,,Yes,"S.M. Tanvir Rahman","Team Jahirul",Hasan,"CS Shehave",Nayeemur,Mahbub,2022-06-01,2022-06-01,Done,2027-04-24,No,
Live,012314027,"Santuri Net Link",Active,Pre-paid,"NTTN, IIG","Thana - ISP",,1,,No,"Tabassom Tamanna Haque","Team Abid",Mehedi,"CS Azim",Ejaz,Aftab,2024-12-01,2024-12-01,Done,2027-06-27,No,
Live,012204503,"Sara Networking System",Active,Pre-paid,"NTTN, IIG",Divisional,,1,,No,"Nubuiya Mahfuz Naimee","Team Fahad",Ehsanul,"CS Mithun",Ejaz,Mahbub,2024-09-13,2025-08-01,Done,2023-06-30,No,
Live,012312939,"Sarail Net",Active,Pre-paid,NTTN,Upazila/Thana,,0,,No,"Umaya Afrin Priya","Team Mitul",Hasnat,"CS Azim",Nayeemur,N/A,,,,,No,
Live,012518339,"Sarankhola ISP",Active,Pre-paid,"NTTN, IIG",Upazila/Thana,,1,,No,"Md. Fahim Ahmed","Team Ryhan",Hasnat,"CS Azim",Ejaz,Monira,,2025-08-02,WIP,2027-05-25,No,
Live,011904505,"Sarker Communication",Active,Pre-paid,"NTTN, IIG",Divisional,Both,1,,Yes,"Md. Mustafijur Rahman Shishir","Team Mitul",Khairul,"CS Tarikul",Waly,Monira,2019-04-08,2024-04-23,Done,2024-03-18,No,
Live,012307214,"Sayed Technology",Active,Pre-paid,"NTTN, IIG",District,,1,,No,"Md. Mustafijur Rahman Shishir","Team Mitul",Hasnat,"CS Azim",Waly,Monira,2024-04-06,2024-04-04,Done,2026-12-12,No,
Live,012203337,"Sayem Online Communication",Active,Pre-paid,NTTN,Divisional,,1,,Yes,"Md Mohsin Sujon","Team Sujon",Shohag,"CS Mithun",Ejaz,N/A,2018-02-23,,Done,2023-01-30,No,
Live,012518350,"SD Network",Active,Pre-paid,"NTTN, IIG",Upazila/Thana,,1,,Yes,"Tasnim Rahman Nafis","Team Sakib",Mehedi,"CS Azim",Nayeemur,Monira,,2025-08-02,,,No,
Live,012104556,"Search IT",Active,Pre-paid,"NTTN, IIG",Divisional,,0.75597341370019489,,No,"Jibeshwar Purakayastha","Team Talha",Shareef,"CS Tarikul",Ejaz,Mahbub,2019-10-05,2020-04-25,Done,2024-09-24,No,
Live,012209614,"Search Technology",Active,Pre-paid,"NTTN, IIG","Thana - ISP",,1,,No,"Roachi Shome","Team Talha",Sarwar,"CS Azim",Nayeemur,Mahbub,2022-06-01,2022-06-01,Done,2027-04-24,No,
Live,012204678,"Set Communication",Active,Pre-paid,"NTTN, IIG",Upazila/Thana,,1,,No,"Toukir Azam Chowdhury","Team Sujon",Anik,"CS Tarikul",Nayeemur,Mahbub,,2021-12-16,,,No,
Live,012209578,"Shadhinota Net",Active,Pre-paid,"NTTN, IIG",District,,1,,Yes,"Md. Taher Bin Hossain","Team Israfil",Shareef,"CS Tarikul",Ejaz,Monira,2023-09-19,2024-04-29,Done,2027-05-09,No,
Live,012104828,"Shafi Enterprise",Active,Pre-paid,"NTTN, IIG","Category - B",,1,,No,"SK Sanaullah","Team Ryhan",Ehsanul,"CS Mithun",Ejaz,Mahbub,2021-11-03,2021-10-16,Done,2024-01-10,No,
Live,012209324,"Shahadot Online",Active,Pre-paid,"NTTN, IIG",Divisional,,1,,No,"S.M. Tanvir Rahman","Team Jahirul",Anik,"CS Tarikul",Tanim,Mahbub,2022-10-01,2022-09-01,Done,2027-04-25,No,
Live,012307219,"Shahrasti Broadband Service",Active,Pre-paid,"NTTN, IIG",Upazila/Thana,,1,,No,"Jannatul Nayem","Team Mitul",Asif,"CS Shehave",Nayeemur,Mahbub,,2026-03-01,,,No,
Live,012418228,"Shajib Online",Active,Pre-paid,"NTTN, IIG","Thana - ISP",,1,,Yes,"Md.Mominul Islam","Team Fahad",Ehsanul,"CS Mithun",Ejaz,Monira,2024-07-01,2024-07-01,Done,2026-11-02,No,
Live,012106861,"Shamibag Broadband Internet",Active,Pre-paid,"NTTN, IIG","Category - A",,1,,Yes,"Syed Shihab Rahman","Team Abid",Ehsanul,"CS Mithun",Waly,Mahbub,2022-08-02,2021-12-01,Done,2024-08-27,No,
Live,022518340,"Sherpur Cable Netwark",Active,Pre-paid,NTTN,"Cable TV",,1,,No,"Md.Mominul Islam","Team Fahad",Shohag,"CS Mithun",Ejaz,N/A,,,Done,2025-12-31,No,
Live,012418281,"Shezan Net",Active,Pre-paid,"NTTN, IIG",Upazila/Thana,,1,,No,"Mushfek Arefin","Team Mosabbir",Anik,"CS Tarikul",Waly,Monira,,2024-12-31,Done,2028-01-11,No,
Live,012418205,"Shipon Internet",Active,Pre-paid,"NTTN, IIG","Thana - ISP",,0.92360152874525037,,No,"Md. Wahiduzzaman Shanto","Team Ryhan",Hasnat,"CS Azim",Ejaz,Monira,2024-04-29,2024-04-29,Done,2028-01-31,No,
Live,012309645,"Shoukhin Online Service",Active,Pre-paid,"NTTN, IIG","Thana - ISP",,1,,No,"Md.Mominul Islam","Team Fahad",Anik,"CS Tarikul",N/A,Tawhid,,2025-06-29,Done,2024-12-11,No,
Live,012418249,"Siam Trading",Active,Pre-paid,"NTTN, IIG",Nationwide,,1,,No,"Toukir Azam Chowdhury","Team Sujon",Shehave,"CS Shehave",Waly,Aftab,,2026-04-01,,,No,
Live,012212869,"Signature International",Active,Pre-paid,IIG,District,,1,,No,"Md. Mahin Alam","Team Abid",Khairul,"CS Tarikul",N/A,Aftab,,2026-05-01,Done,2023-01-17,No,
Live,012004530,"Sinthia Telecom",Active,Pre+Post-paid,"NTTN, IIG",Divisional,,1,,Yes,"S.M. Tanvir Rahman","Team Jahirul",Khairul,"CS Tarikul",Ejaz,Aftab,2020-03-04,2020-03-04,Done,2023-01-17,No,
Live,012518308,"Sixty Four Networks Limited",Active,Pre-paid,NTTN,Divisional,,1,,Yes,"Md. Mahin Alam","Team Abid",Shareef,"CS Tarikul",Waly,N/A,2025-02-12,,Done,2027-04-27,No,
Live,012003377,"SK Link",Active,Pre+Post-paid,"NTTN, IIG",Divisional,1st,1,,No,"Md. Mustafijur Rahman Shishir","Team Mitul",Shohag,"CS Mithun",Nayeemur,Mahbub,2018-08-02,2018-07-31,Done,2023-02-10,No,
Live,012203324,"SK Traders",Active,Pre-paid,"NTTN, IIG, NIX",Nationwide,,1,,Yes,"Nubuiya Mahfuz Naimee","Team Fahad",Shareef,"CS Tarikul",Tanim,Mahbub,2023-12-02,2023-09-01,Done,2026-11-14,No,
Live,012103451,"Sky Business Center",Active,Pre-paid,"NTTN, IIG",District,,0.89951281225426627,,Yes,"K.M. Mazharul Islam","Team Mosabbir",Hasnat,"CS Azim",Waly,Mahbub,2021-12-31,2023-07-12,Done,2023-01-17,No,
Live,012204651,"Sky info Online",Active,Pre-paid,"NTTN, IIG",District,,1,,No,"S.M. Tanvir Rahman","Team Jahirul",Hasan,"CS Shehave",Ejaz,Mahbub,2021-09-02,2021-09-01,Done,2027-06-22,No,
Live,012207215,"Sky Net BD",Active,Pre-paid,"NTTN, IIG","Thana - ISP",,1,,No,"SK Sanaullah","Team Ryhan",Khairul,"CS Tarikul",Waly,Tawhid,,2024-05-06,Done,2026-12-20,No,
Live,022418279,"Sky Satellite Service",Active,Pre-paid,NTTN,"Cable TV",,1,,No,"K.M. Mazharul Islam","Team Mosabbir",Anik,"CS Tarikul",Ejaz,N/A,2024-12-02,,Done,2024-12-31,No,
Live,012518316,"Sky Systems Ltd.",Active,Pre-paid,NTTN,Divisional,,1,,Yes,"Tasnim Rahman Nafis","Team Sakib",Asif,"CS Shehave",Nayeemur,N/A,,,,,No,
Live,112203304,"Sky Tel Communications Ltd.",Active,Post-paid,"NTTN, ITC",IGW,,1,,Yes,"Mollick Tanzim Akhtar","Team Mosabbir",Ehsanul,"CS Mithun",Ejaz,Jubayar,2023-02-28,2016-05-22,Done,2027-04-11,No,
Live,012203450,"Sky View Online Ltd.",Active,Post-paid,NTTN,Nationwide,,1,,Yes,"Abul Khayer Md. Fahad","Team Fahad",Mithun,"CS Mithun",Waly,N/A,2018-09-01,,Done,2023-08-05,No,
Live,012204686,"Skylark Network",Active,Pre-paid,IIG,"Category - C",,1,,Yes,"Mollick Tanzim Akhtar","Team Mosabbir",Anik,"CS Tarikul",N/A,Mahbub,,2022-09-08,Done,2024-06-26,No,
Live,012206887,"Skynet Broadband Network",Active,Post-paid,"NTTN, IIG","Category - C",,1,,Yes,"Toukir Azam Chowdhury","Team Sujon",Shohag,"CS Mithun",Waly,Monira,2021-11-30,2021-12-01,Done,2023-07-15,No,
Live,012103456,"Skynet Broadband Service",Active,Pre-paid,"NTTN, IIG",Divisional,,1,,Yes,"Jibeshwar Purakayastha","Team Talha",Sarwar,"CS Azim",Waly,Monira,2021-12-04,2022-12-19,Done,2023-07-04,No,
Live,012312994,"Skynet Broadband Service (Cat C)",Active,Pre-paid,"NTTN, IIG","Category - C",,1,,Yes,"Md. Shamrat Shahriar","Team Ryhan",Naznin,"CS Shehave",Nayeemur,Mahbub,2023-05-01,2023-05-01,Done,2023-03-27,No,
Live,012303371,"Skynet Chowmuhani",Active,Post-paid,"NTTN, IIG",Divisional,1st,1,Yes,Yes,"MD. Abu  Sayeed","Team Mitul",Mithun,"CS Mithun",Waly,Aftab,2018-05-15,2018-05-15,Done,2023-01-14,No,
Live,012518314,"SM Internet Network",Active,Pre-paid,"NTTN, IIG",Upazila/Thana,,1,,Yes,"Jannatul Nayem","Team Mitul",Khairul,"CS Tarikul",Ejaz,Monira,,2025-03-19,Done,2024-08-04,No,
Live,012107098,"Smart Network",Active,Post-paid,"NTTN, IIG",District,,1,,No,"K.M. Mazharul Islam","Team Mosabbir",Hasan,"CS Shehave",Waly,Mahbub,2021-12-26,2023-02-01,Done,2026-10-27,No,
Live,042103228,"Softex Communications Ltd",Active,Post-paid,NTTN,ICX,,1,,No,"Umaya Afrin Priya","Team Mitul",Shohag,"CS Mithun",Tanim,N/A,2013-03-23,,Done,2027-02-11,No,
Live,012103102,SOL-BD,Active,Pre-paid,"NTTN, IIG",Divisional,,1,,Yes,"Jibeshwar Purakayastha","Team Talha",Khairul,"CS Tarikul",Tanim,Aftab,2017-04-01,2020-10-02,Done,2024-03-31,No,
Live,062003267,"Songbird Telecom Limited",Active,Post-paid,NTTN,IGW,,0,,Yes,"Syed Shihab Rahman","Team Abid",Shareef,"CS Tarikul",Nayeemur,N/A,2015-03-01,,Done,2027-07-26,No,
Live,012312998,"Songjozan Internet",Active,Pre-paid,NTTN,District,,0.97430276458409448,,No,"Kawsar Ahammed Siddiki","Team Israfil",Mehedi,"CS Azim",Ejaz,N/A,2023-07-28,,Done,2026-10-29,No,
Live,012104663,"Sony Cyber Net",Active,Pre-paid,"NTTN, IIG","Category - C",,1,,No,"S.M. Tanvir Rahman","Team Jahirul",Khairul,"CS Tarikul",Waly,Mahbub,2021-04-30,2021-05-01,Done,2026-01-11,No,
Live,012104845,"South Bangla Online",Active,Pre-paid,NTTN,"Thana - ISP",,1,,Yes,"Md. Fahim Ahmed","Team Ryhan",Anik,"CS Tarikul",Waly,N/A,2024-11-11,,Done,2024-02-18,No,
Live,012518351,"South Bangla Technology",Active,Pre-paid,"NTTN, IIG",District,,1,,No,"SK Sanaullah","Team Ryhan",Shehave,"CS Shehave",Nayeemur,Monira,,2025-10-10,,,No,
Live,012518345,"Spark Enterprise",Active,Pre-paid,"NTTN, IIG",Upazila/Thana,,1,,No,"Jannatul Nayem","Team Mitul",Shohag,"CS Mithun",Ejaz,Monira,,2025-10-04,,,No,
Live,012618370,"Spark IT",Active,Pre-paid,IIG,District,,1,,Yes,"SK Sanaullah","Team Ryhan",Mehedi,"CS Azim",N/A,Monira,,2026-03-12,,,No,
Live,012104676,"Spark Net",Active,Pre-paid,IIG,"Category - A",,1,,Yes,"Md. Fazle Rabbi","Team Sujon",Anik,"CS Tarikul",N/A,Mahbub,,2021-10-05,Done,2019-04-06,No,
Live,012309485,"Spectra Technologies Ltd.",Active,Pre-paid,NTTN,Divisional,,1,,Yes,"Md.Israfil Khan","Team Israfil",Mehedi,"CS Azim",Ejaz,Mahbub,2023-05-28,2023-02-04,Done,2027-04-25,No,
Live,012518342,"Speed Communication",Active,Pre-paid,"NTTN, IIG",Upazila/Thana,,1,,Yes,"Nubuiya Mahfuz Naimee","Team Fahad",Hasan,"CS Shehave",Ejaz,Mahbub,,2025-09-01,Done,2024-08-17,No,
Live,012204818,"Speed Net",Active,Post-paid,"NTTN, IIG","Category - C",,1,,Yes,"Md. Mahin Alam","Team Abid",Khairul,"CS Tarikul",Waly,Mahbub,2024-05-01,2021-10-21,Done,2023-07-10,No,
Live,012209505,"Speed Net Connection",Active,Pre-paid,IIG,"Category - C",,1,,No,"Md. Fazle Rabbi","Team Sujon",Mehedi,"CS Azim",N/A,Mahbub,,2022-09-02,Done,2023-02-07,No,
Live,012204742,"Speed Net Services@Cyber Cafe",Active,Pre-paid,"NTTN, IIG","Category - C",,1,,No,"Md.Mominul Islam","Team Fahad",Anik,"CS Tarikul",Waly,Monira,2021-10-02,2021-10-02,Done,2024-01-16,No,
Live,012208236,"Speed One",Active,Pre-paid,"NTTN, IIG","Category - C",,1,,Yes,"Md.Mominul Islam","Team Fahad",Khairul,"CS Tarikul",Nayeemur,Tawhid,2023-06-01,2022-04-15,Done,2023-07-22,No,
Live,012312931,"Speed Online",Active,Pre-paid,"IIG, NTTN","Thana - ISP",,1,,Yes,"Md. Mustafijur Rahman Shishir","Team Mitul",Tarikul,"CS Tarikul",Ejaz,Tawhid,2025-03-19,2024-03-15,Done,2023-04-21,No,
Live,012204775,"Speed Plus",Active,Pre-paid,NTTN,Upazila/Thana,,1,,Yes,"Md.Mominul Islam","Team Fahad",Mithun,"CS Mithun",Nayeemur,N/A,,,,,No,
Live,012312923,"Speed Touch Network & Technology",Active,Pre-paid,"NTTN, IIG",District,,1,,Yes,"Rubaiyat Rahman","Team Jahirul",Mehedi,"CS Azim",Tanim,Monira,2023-06-30,2023-11-02,Done,2026-12-12,No,
Live,012203157,"Square Informatix Limited",Active,Post-paid,NTTN,Nationwide,,1,,Yes,"Md Mohsin Sujon","Team Sujon",Khairul,"CS Tarikul",Waly,N/A,2011-11-10,,Done,2023-10-29,No,
Live,012206898,"Srfh Khan Online Boroadband Connection",Active,Pre-paid,"NTTN, IIG",Upazila/Thana,,1,,No,"Rubaet Bin Hasan","Team Jahirul",Mehedi,"CS Azim",Waly,Aftab,,2025-01-01,Done,2028-10-30,No,
Live,012204541,"Srizony Net",Active,Pre-paid,"NTTN, IIG",Divisional,,1,,No,"Md. Fahim Ahmed","Team Ryhan",Ehsanul,"CS Mithun",Waly,Monira,2019-11-27,2024-07-15,Done,2023-04-02,No,
Live,012204563,"SS Online",Active,Pre-paid,"NTTN, IIG",Divisional,,0.50103162411405078,,Yes,"Mollick Tanzim Akhtar","Team Mosabbir",Naznin,"CS Shehave",Ejaz,Mahbub,2019-11-02,2019-11-01,Expired,2024-02-19,No,
Live,012212764,"SSTN Technology",Active,Pre-paid,"NTTN, IIG",Divisional,,1,,Yes,"Md. Abid Hasan","Team Abid",Mehedi,"CS Azim",Nayeemur,Monira,,2026-02-01,,,No,
Live,012004540,"Star Communication",Active,Pre-paid,"NTTN, IIG",Divisional,,1,,Yes,"Abu Talha Shawon","Team Talha",Asif,"CS Shehave",Waly,Mahbub,2020-03-12,2020-09-30,Done,2024-08-24,No,
Live,012317106,"Star IT",Active,Pre-paid,NTTN,Divisional,,1,,Yes,"Md. Taher Bin Hossain","Team Israfil",Anik,"CS Tarikul",Nayeemur,N/A,2023-12-31,,Done,2025-03-08,No,
Live,012418286,"Star Net",Active,Pre-paid,"NTTN, IIG",Upazila/Thana,,1,,No,"Md. Sohel Rana","Team Jahirul",Mehedi,"CS Azim",Ejaz,Aftab,2025-03-19,2025-03-19,Done,2023-05-15,No,
Live,012209545,"Star Network",Active,Pre-paid,"NTTN, IIG","Thana - ISP",,1,,No,"Asif Ahamed Dipu","Team Ryhan",Ehsanul,"CS Mithun",Waly,Monira,2024-06-01,2024-06-01,Done,2025-12-28,No,
Live,012208244,"Star Network BD",Active,Pre-paid,"NTTN, IIG","Thana - ISP",,1,,Yes,"Md. Mahin Alam","Team Abid",Shehave,"CS Shehave",Nayeemur,Tawhid,,2025-11-03,,,No,
Live,012104819,"Star Online",Active,Pre-paid,"NTTN, IIG","Thana - ISP",,1,,Yes,"S.M. Tanvir Rahman","Team Jahirul",Hasan,"CS Shehave",Waly,Mahbub,2023-03-29,2021-10-01,Done,2024-02-03,No,
Live,012212759,"Stardust Telecom Ltd.",Active,Post-paid,"NTTN, IIG",Nationwide,,1,,Yes,"Syed Shihab Rahman","Team Abid",Mithun,"CS Mithun",Tanim,Aftab,2022-10-01,2022-10-01,Done,2023-02-25,No,
Live,012303047,"Stargate Communications Ltd.",Active,Post-paid,"NTTN, IIG",Nationwide,1st,0.85066603958615206,Yes,Yes,"Abu Talha Shawon","Team Talha",Shohag,"CS Mithun",Tanim,Aftab,2015-03-25,2015-01-18,Done,2024-08-02,No,
Live,012518332,"Starlink Services Bangladesh Ltd",Active,Post-paid,"NTTN, IIG",Nationwide,,1,,No,"Mosabbir Hussain","Team Mosabbir",Tarikul,"CS Tarikul",Jubayar,Aftab,,2025-06-19,,,No,
Live,112317061,"Startrek Telecom Ltd.",Active,Post-paid,"NTTN, ITC",IIG,,1,,Yes,"Syed Shihab Rahman","Team Abid",Mithun,"CS Mithun",Tanim,Jubayar,2014-02-01,2014-08-15,Done,2027-04-11,No,
Live,012209441,"STC Network",Active,Pre-paid,"NTTN, IIG","Thana - ISP",,0.95513720545956426,,No,"K.M. Mazharul Islam","Team Mosabbir",Shohag,"CS Mithun",Waly,Mahbub,2022-07-05,2022-07-05,Done,2027-04-20,No,
Live,012209342,"Sunamganj Broadband Communication",Active,Pre-paid,"NTTN, IIG",Upazila/Thana,,0.78117371350454057,,Yes,"Jibeshwar Purakayastha","Team Talha",Hasan,"CS Shehave",Nayeemur,Aftab,,2026-04-02,,,No,
Live,012207067,"Suncity Pathfinder",Active,Post-paid,"NTTN, IIG",District,,1,,No,"Md. Shahinur Islam Saju","Team Mosabbir",Anik,"CS Tarikul",Tanim,Monira,2022-01-09,2022-01-09,Done,2026-11-03,No,
Live,012003438,"Sunlit Network",Active,Pre+Post-paid,"NTTN, IIG",Divisional,,1,,Yes,"Md. Shamrat Shahriar","Team Ryhan",Khairul,"CS Tarikul",Ejaz,Mahbub,2018-08-02,2018-07-31,Done,2027-02-24,No,
Live,012210677,"Super Fast Connectivity",Active,Pre-paid,IIG,"Thana - ISP",,1,,Yes,"Md. Fazle Rabbi","Team Sujon",Khairul,"CS Tarikul",N/A,Monira,,2023-10-24,Done,2024-09-08,No,
Live,012204513,"Super Net",Active,Post-paid,"NTTN, IIG",Divisional,1st,1,,No,"Toukir Azam Chowdhury","Team Sujon",Anik,"CS Tarikul",Tanim,Monira,2019-06-30,2019-06-30,Done,2023-12-11,No,
Live,012106992,"Sustainable Development Networking Foundation (SDNF)",Active,Pre-paid,"NTTN, IIG",Nationwide,,1,,Yes,"Tabassom Tamanna Haque","Team Abid",Ehsanul,"CS Mithun",Ejaz,Tawhid,2022-09-15,2024-03-02,Done,2013-02-05,No,
Live,012103355,"Swapno Network Ltd.",Active,Post-paid,"NTTN, IIG",Divisional,1st,0.27534074092685601,Yes,No,"Jibeshwar Purakayastha","Team Talha",Shareef,"CS Tarikul",Tanim,Aftab,2018-03-26,2018-03-26,Done,2023-01-20,No,
Live,012103396,"Sylhet Communication Systems Ltd.",Active,Pre-paid,"NTTN, IIG",Divisional,2nd,1,,Yes,"Jibeshwar Purakayastha","Team Talha",Hasan,"CS Shehave",Ejaz,Tawhid,2019-01-10,2021-10-09,Done,2022-06-09,No,
Live,012106940,"Sync IT Bangladesh",Active,Pre-paid,"NTTN, IIG","Category - B",,1,,Yes,"Jibeshwar Purakayastha","Team Talha",Sarwar,"CS Azim",Waly,Mahbub,,2021-12-01,Done,2023-04-02,No,
Live,012204665,"Sync Online",Active,Pre-paid,"NTTN, IIG","Category - C",,1,,No,"Md. Fahim Ahmed","Team Ryhan",Hasan,"CS Shehave",Waly,Monira,2021-06-05,2021-06-05,Done,2024-01-19,No,
Live,052103093,"Synesis IT Ltd.",Active,Post-paid,NTTN,"Call Center",,0.8764044943820225,,Yes,"Md.Israfil Khan","Team Israfil",Hasan,"CS Shehave",Tanim,N/A,2017-12-01,,WIP,,No,
Live,012312809,"Sysland Speed Online Network",Active,Pre-paid,"NTTN, IIG","Category - A",,1,,Yes,"Tabassom Tamanna Haque","Team Abid",Ehsanul,"CS Mithun",Ejaz,Mahbub,2022-12-02,2022-12-02,Done,2023-03-04,No,
Live,012418213,"T Dot Net",Active,Pre-paid,"NTTN, IIG","Thana - ISP",,1,,No,"Md. Fahim Ahmed","Team Ryhan",Hasnat,"CS Azim",Ejaz,Monira,,2024-05-08,Done,2028-01-31,No,
Live,012204594,"T Network",Active,Post-paid,"NTTN, IIG","Category - C",,1,,Yes,"Md. Shamrat Shahriar","Team Ryhan",Asif,"CS Shehave",Waly,Mahbub,2021-04-28,2021-04-28,Done,2023-07-15,No,
Live,012107182,"T.S Communication",Active,Pre-paid,"NTTN, IIG","Thana - ISP",,1,,No,"Md. Wahiduzzaman Shanto","Team Ryhan",Hasnat,"CS Azim",Ejaz,Monira,,2025-08-27,WIP,2028-05-15,No,
Live,012312982,"Taherpur Online",Active,Pre-paid,"NTTN, IIG","Thana - ISP",,1,,No,"Md. Sohel Rana","Team Jahirul",Asif,"CS Shehave",Waly,Mahbub,2023-04-05,2023-04-05,Done,2026-10-30,No,
Live,012203081,"Tahoe Communications Limited",Active,Post-paid,"NTTN, IIG",Nationwide,,1,,Yes,"Md Mohsin Sujon","Team Sujon",Shareef,"CS Tarikul",Waly,Tawhid,2017-03-27,2019-11-17,Done,2023-11-21,No,
Live,012518331,"Tajri Communication",Active,Pre-paid,"NTTN, IIG",Divisional,,1,,Yes,"Md. Sohel Rana","Team Jahirul",Mehedi,"CS Azim",Ejaz,Mahbub,,2025-06-05,Done,2023-12-25,No,
Live,012204860,"Talha Cafe",Active,Pre-paid,"NTTN, IIG",Upazila/Thana,,1,,No,"S.M. Tanvir Rahman","Team Jahirul",Hasan,"CS Shehave",Nayeemur,Mahbub,2025-03-19,2025-03-19,Done,2024-04-14,No,
Live,012209464,"Talora Online",Active,Pre-paid,"NTTN, IIG","Thana - ISP",,1,,No,"S.M. Tanvir Rahman","Team Jahirul",Hasan,"CS Shehave",Waly,Mahbub,2022-08-01,2022-08-01,Done,2027-06-21,No,
Live,012209524,"Taltali Broadband Network",Active,Pre-paid,"NTTN, IIG","Thana - ISP",,1,,No,"K.M. Mazharul Islam","Team Mosabbir",Ehsanul,"CS Mithun",Waly,Tawhid,2022-09-15,2022-09-15,Done,2027-05-11,No,
Live,012312956,"Tani Enterprise",Active,Pre-paid,"NTTN, IIG",Upazila/Thana,,1,,No,"Rubaiyat Rahman","Team Jahirul",Asif,"CS Shehave",Waly,Monira,,2025-02-01,Done,2027-06-21,No,
Live,012312877,"Taqwa IT",Active,Pre-paid,"NTTN, IIG","Thana - ISP",,1,,Yes,"Md.Israfil Khan","Team Israfil",Asif,"CS Shehave",Waly,Tawhid,2024-06-09,2024-06-09,Done,2027-02-21,No,
Live,012211698,"TBN BD Ltd",Active,Pre-paid,"NTTN, IIG",District,,1,,No,"Sadia Nowshin Farin","Team Talha",Mehedi,"CS Azim",Ejaz,Tawhid,2024-10-08,2023-01-30,Done,2027-06-07,No,
Live,012518334,"Tech City Communications",Active,Pre-paid,NTTN,District,,1,,Yes,"Md.Mominul Islam","Team Fahad",Asif,"CS Shehave",Ejaz,N/A,,,0,,No,
Live,012312805,"Telecable Bangladesh",Active,Pre-paid,"NTTN, IIG","Thana - ISP",,0.95427040778837335,,Yes,"Md. Wahiduzzaman Shanto","Team Ryhan",Shareef,"CS Tarikul",Waly,Aftab,2024-11-01,2024-11-01,Done,2024-09-02,No,
Live,042003223,"Teleplus Newyork Limited",Active,Post-paid,NTTN,ICX,,1,,No,"MD. Abu  Sayeed","Team Mitul",Shohag,"CS Mithun",Nayeemur,N/A,2013-04-25,,Done,2027-04-11,No,
Live,012209479,"Telewire Communications",Active,Pre-paid,"NTTN, IIG",District,,0.6057285566790811,,Yes,"Mushfek Arefin","Team Mosabbir",Khairul,"CS Tarikul",Ejaz,Mahbub,,2025-07-28,WIP,2027-06-15,No,
Live,012003185,"Telnet Communication Limited",Active,Post-paid,"NTTN, IIG",Nationwide,1st,0.63214499439498106,,Yes,"Md. Mostafizur Rahman","Team Fahad",Hasnat,"CS Azim",Tanim,Monira,2011-06-18,2022-09-28,Done,2027-02-27,No,
Live,012209630,Tetrasoft,Active,Pre-paid,NTTN,District,,1,,Yes,"Asif Ahamed Dipu","Team Ryhan",Shehave,"CS Shehave",Nayeemur,N/A,,,,,No,
Live,011904518,"The Matrix Technology",Active,Post-paid,"NTTN, IIG",Divisional,,1,,Yes,"Ryhanul Islam Khan","Team Ryhan",Shareef,"CS Tarikul",Tanim,Monira,2023-09-30,2023-10-08,Done,2023-04-29,No,
Live,012212871,"The Net",Active,Pre-paid,"NTTN, IIG","Thana - ISP",,1,,No,"Jahirul Islam","Team Jahirul",Asif,"CS Shehave",Waly,Monira,2023-09-01,2023-09-01,Done,2024-01-16,No,
Live,012209629,"The Net Heads",Active,Pre-paid,NTTN,District,,1,,Yes,"Asif Ahamed Dipu","Team Ryhan",Asif,"CS Shehave",Nayeemur,N/A,,,WIP,2027-01-29,No,
Live,012206947,"The Potato",Active,Pre-paid,"NTTN, IIG","Thana - ISP",,0.99569635144496693,,Yes,"Partha Pratim Sarkar","Team Jahirul",Khairul,"CS Tarikul",Waly,Mahbub,2022-04-22,2022-04-22,Done,2023-03-31,No,
Live,012104709,"The Sky Traders Private Limited",Active,Pre-paid,"NTTN, IIG","Category - A",,1,,Yes,"Tabassom Tamanna Haque","Team Abid",Mehedi,"CS Azim",Waly,Mahbub,2021-09-30,2021-09-01,Done,2023-03-27,No,
Live,012204714,"Three Star Broadband Network",Active,Post-paid,"NTTN, IIG","Category - C",,1,,No,"Md. Shamrat Shahriar","Team Ryhan",Anik,"CS Tarikul",Nayeemur,Monira,2021-09-04,2021-09-04,Done,2025-01-01,No,
Live,012206893,"Tilakpur Network",Active,Pre-paid,"NTTN, IIG","Category - C",,1,,No,"S.M. Tanvir Rahman","Team Jahirul",Sarwar,"CS Azim",Waly,Mahbub,2022-12-01,2022-12-01,Done,2024-03-11,No,
Live,012104823,"Time Technology",Active,Pre-paid,"NTTN, IIG",Divisional,1st,1,,Yes,"Tasnim Rahman Nafis","Team Sakib",Shareef,"CS Tarikul",Nayeemur,Mahbub,,2025-11-28,,,No,
Live,012207209,"TOA Online",Active,Pre-paid,NTTN,District,,1,,Yes,"Rubaet Bin Hasan","Team Jahirul",Azim,"CS Azim",Nayeemur,N/A,,,Done,2027-04-11,No,
Live,012003152,"Tomato Web (Pvt.) Ltd",Active,Post-paid,"NTTN, IIG",Nationwide,1st,1,,Yes,"Md. Mostafizur Rahman","Team Fahad",Shohag,"CS Mithun",Nayeemur,Monira,2013-04-17,2019-03-14,Done,2026-02-01,No,
Live,112203407,"Toron Limited",Active,Post-paid,NTTN,IIG,,0,,No,"Md. Abid Hasan","Team Abid",Naznin,"CS Shehave",Tanim,N/A,2018-10-17,,Done,2027-04-12,No,
Live,012004491,"Torque Bangla Info",Active,Pre-paid,"NTTN, IIG",Divisional,,1,,No,"Md. Mahin Alam","Team Abid",Hasnat,"CS Azim",Ejaz,Tawhid,2025-03-13,2025-10-16,Done,2023-12-25,No,
Live,012418235,"Touch online",Active,Pre-paid,"NTTN, IIG",District,,0.89809968752058345,,Yes,"Tasnim Rahman Nafis","Team Sakib",Sarwar,"CS Azim",Waly,Monira,2024-10-12,2024-08-27,Done,2027-07-25,No,
Live,012106903,"Touhed Net",Active,Pre-paid,"NTTN, IIG",Upazila/Thana,,0,,No,"Md. Mahin Alam","Team Abid",Hasnat,"CS Azim",Nayeemur,Monira,,2026-03-28,,,No,
Live,012303144,"Triangle Services Limited",Active,Post-paid,"NTTN, IIG",Nationwide,1st,1,,Yes,"Kawsar Ahammed Siddiki","Team Israfil",Naznin,"CS Shehave",Ejaz,Aftab,2013-12-08,2014-11-22,Done,2026-12-25,No,
Live,012107181,"Trust Innovation Ltd.",Active,Pre-paid,"NTTN, IIG",Nationwide,,1,,Yes,"Md. Mustafijur Rahman Shishir","Team Mitul",Khairul,"CS Tarikul",Nayeemur,Monira,,2024-07-25,Done,2025-06-28,No,
Live,012518362,"TST Network",Active,Pre-paid,"NTTN, IIG",Upazila/Thana,,1,,Yes,"Tasnim Rahman Nafis","Team Sakib",Sarwar,"CS Azim",Nayeemur,Monira,,2026-03-08,,,No,
Live,012107178,"Tufan online",Active,Pre-paid,"NTTN, IIG",Upazila/Thana,,1,,Yes,"Rubaet Bin Hasan","Team Jahirul",Asif,"CS Shehave",Nayeemur,Mahbub,,2026-03-01,,,No,
Live,012207195,"Turag Net",Active,Pre-paid,IIG,"Category - A",,1,,Yes,"Md. Fazle Rabbi","Team Sujon",Asif,"CS Shehave",N/A,Mahbub,,2022-01-01,Done,2024-08-17,No,
Live,012618377,"UK Net",Active,Pre-paid,"NTTN, IIG","Category - A",,1,,No,"Md. Taher Bin Hossain","Team Israfil",Sarwar,"CS Azim",Nayeemur,Aftab,,2026-05-01,Done,2024-08-17,No,
Live,012204485,"Unified Core Ltd.",Active,Pre-paid,NTTN,Nationwide,1st,1,,Yes,"Jahirul Islam","Team Jahirul",Naznin,"CS Shehave",Ejaz,N/A,2019-01-31,,Expired,2028-04-22,No,
Live,012004572,"Unique Communication Services",Active,Pre+Post-paid,"NTTN, IIG",Divisional,,1,Yes,Yes,"Md. Mustafijur Rahman Shishir","Team Mitul",Ehsanul,"CS Mithun",Ejaz,Aftab,2019-11-14,2019-11-14,Done,2024-10-16,No,
Live,062003219,"Unique Infoway Limited",Active,Post-paid,"NTTN, ITC",IGW,,0,,Yes,"Mosabbir Hussain","Team Mosabbir",Hasnat,"CS Azim",Nayeemur,Jubayar,2012-09-20,2013-09-04,Done,2027-04-12,No,
Live,012204684,"Unique Net",Active,Pre-paid,"NTTN, IIG",District,,1,,No,"Abu Talha Shawon","Team Talha",Anik,"CS Tarikul",Nayeemur,Mahbub,2025-03-01,2025-04-08,Done,2026-10-28,No,
Live,022003270,"United Communication Services Ltd.",Active,Post-paid,NTTN,"Cable TV",,1,,No,"Abu Talha Shawon","Team Talha",Hasan,"CS Shehave",Nayeemur,N/A,2014-01-01,,WIP,2026-12-31,No,
Live,012207223,"Universal Friends Communication Network (ufc.net)",Active,Pre-paid,"NTTN, IIG","Category - B",,1,,Yes,"Md. Mezbah Uddin Chy","Team Sakib",Mehedi,"CS Azim",Waly,Mahbub,2022-03-13,2022-03-12,Done,2023-04-02,No,
Live,012207074,"Universe Link",Active,Pre-paid,"NTTN, IIG","Category - C",,1,,No,"Md. Mahin Alam","Team Abid",Hasnat,"CS Azim",Nayeemur,Monira,2021-12-01,2021-12-01,Done,2024-11-11,No,
Live,012204547,"U-Turn Technologies",Active,Post-paid,"NTTN, IIG",Divisional,Both,1,,Yes,"Ryhanul Islam Khan","Team Ryhan",Hasnat,"CS Azim",Nayeemur,Mahbub,2019-08-31,2022-09-16,Done,2024-04-06,No,
Live,012203100,"Valley International",Active,Post-paid,"NTTN, IIG",Divisional,,1,,Yes,Ashak-A-Mahbub,"Team Abid",Naznin,"CS Shehave",Waly,Aftab,2017-04-01,2016-08-21,Done,2026-02-07,No,
Live,012316058,"Velocity Internet",Active,Pre-paid,IIG,"Thana - ISP",,1,,No,"Tasnim Rahman Nafis","Team Sakib",Shareef,"CS Tarikul",N/A,Monira,,2023-08-30,Done,2023-07-11,No,
Live,112207204,"Velocity Networks Limited",Active,Post-paid,ITC,IIG,,1,,Yes,"Abu Talha Shawon","Team Talha",Shehave,"CS Shehave",N/A,Jubayar,,2022-02-16,Done,2027-04-11,No,
Live,012208280,"Venus IT",Active,Pre-paid,"NTTN, IIG","Thana - ISP",,1,,No,Ashak-A-Mahbub,"Team Abid",Ehsanul,"CS Mithun",Nayeemur,Monira,2024-01-18,2024-01-18,Done,2027-03-07,No,
Live,012317112,"Victorians Online",Active,Pre-paid,"NTTN, IIG","Thana - ISP",,1,,Yes,"Md. Taher Bin Hossain","Team Israfil",Hasnat,"CS Azim",Ejaz,Tawhid,2024-01-15,2024-01-15,Done,2024-11-11,No,
Live,112204814,"Virgo Communication Ltd",Active,Post-paid,"NTTN, ITC",IIG,,1,Yes,Yes,"Md. Abid Hasan","Team Abid",Shohag,"CS Mithun",Tanim,Jubayar,2021-11-28,2021-10-03,Done,2028-01-17,No,
Live,012204616,"Virtual Communications",Active,Pre-paid,"NTTN, IIG",Divisional,,1,,Yes,"Md. Mostafizur Rahman","Team Fahad",Shareef,"CS Tarikul",Ejaz,Aftab,2024-09-27,2025-03-19,Done,2025-01-18,No,
Live,011803384,"Vision Blue Communication",Active,Pre-paid,"NTTN, IIG",Divisional,,1,,No,"Md. Wahiduzzaman Shanto","Team Ryhan",Anik,"CS Tarikul",Ejaz,Mahbub,,2025-05-30,Done,2023-01-23,No,
Live,012204458,"Vision Technologies Limited",Active,Post-paid,"NTTN, IIG",Nationwide,,1,,Yes,"Jahirul Islam","Team Jahirul",Anik,"CS Tarikul",Tanim,Aftab,2018-07-01,2017-12-01,WIP,2028-03-04,No,
Live,012307054,"Volo Net",Active,Pre-paid,"NTTN, IIG","Thana - ISP",,1,,Yes,"Md.Israfil Khan","Team Israfil",Khairul,"CS Tarikul",Waly,Mahbub,2023-02-04,2023-02-01,Done,2028-03-10,No,
Live,012418207,"Web Connection",Active,Pre-paid,"NTTN, IIG","Thana - ISP",,1,,Yes,"Md. Mostafizur Rahman","Team Fahad",Mehedi,"CS Azim",Waly,Tawhid,2024-05-01,2024-05-01,Done,2024-03-26,No,
Live,012204716,"Web Solution",Active,Pre-paid,IIG,"Category - A",,1,,Yes,"Nubuiya Mahfuz Naimee","Team Fahad",Khairul,"CS Tarikul",N/A,Mahbub,,2021-10-03,Done,2023-05-20,No,
Live,012314016,WEB71,Active,Pre-paid,"NTTN, IIG","Thana - ISP",,1,,No,"Md. Wahiduzzaman Shanto","Team Ryhan",Hasan,"CS Shehave",Ejaz,Monira,2023-07-10,2023-07-10,Done,2024-10-27,No,
Live,012206906,"Webex Broadband Internet",Active,Pre-paid,"NTTN, IIG","Category - C",,1,,No,"Md Mohsin Sujon","Team Sujon",Khairul,"CS Tarikul",Waly,Mahbub,,2021-12-30,Done,2023-07-15,No,
Live,012003055,"Weblink Communications Limited",Active,Post-paid,"NTTN, IIG",Nationwide,1st,1,,Yes,"Jahirul Islam","Team Jahirul",Tarikul,"CS Tarikul",Waly,Aftab,2016-07-01,2016-08-01,Done,2026-06-27,No,
Live,072204708,"Windstream Communication Ltd.",Active,Post-paid,NTTN,IIG,,1,,Yes,"Ryhanul Islam Khan","Team Ryhan",Azim,"CS Azim",Tanim,N/A,2021-09-25,2021-07-07,Done,2027-04-11,No,
Live,012317111,"WR Speed Online",Active,Pre-paid,NTTN,District,,1,,Yes,Ashak-A-Mahbub,"Team Abid",Naznin,"CS Shehave",Nayeemur,N/A,,,,,No,
Live,012003182,"Xenial Broadband",Active,Post-paid,NTTN,Divisional,,1,,Yes,"Syed Shihab Rahman","Team Abid",Naznin,"CS Shehave",Nayeemur,N/A,2013-11-26,,Done,2023-08-22,No,
Live,012204578,"Xplore Net BD",Active,Pre+Post-paid,"NTTN, IIG",Divisional,,1,Yes,Yes,"Kawsar Ahammed Siddiki","Team Israfil",Mithun,"CS Mithun",Ejaz,Aftab,2019-12-31,2019-12-30,Done,2024-08-24,No,
Live,011903117,"X-press Technologies Limited",Active,Post-paid,"NTTN, IIG",Nationwide,Both,1,,Yes,"MD. Abu  Sayeed","Team Mitul",Shareef,"CS Tarikul",Tanim,Aftab,2015-02-01,2014-10-01,Done,2026-06-27,No,
Live,012103333,"Yes Net",Active,Post-paid,"NTTN, IIG",District,,1,,No,"Md. Mezbah Uddin Chy","Team Sakib",Sarwar,"CS Azim",Nayeemur,Monira,2018-11-20,2018-11-17,Done,2023-11-05,No,
Live,012003363,"Your Net Communications",Active,Pre-paid,"NTTN, IIG",Divisional,,1,,No,"Md Mohsin Sujon","Team Sujon",Anik,"CS Tarikul",Nayeemur,Aftab,2024-09-01,2024-09-01,Done,2023-01-31,No,
Live,012317104,"Zero Net",Active,Pre-paid,IIG,"Thana - ISP",,1,,No,"Tasnim Rahman Nafis","Team Sakib",Naznin,"CS Shehave",N/A,Monira,,2023-11-01,Done,2024-02-19,No,
Live,012004579,"Zero-4 Communication",Active,Pre-paid,"NTTN, IIG",Divisional,,1,,No,"Sadia Nowshin Farin","Team Talha",Khairul,"CS Tarikul",Tanim,Tawhid,2020-01-20,2020-06-04,Done,2024-11-27,No,
Discontinued,DISC-3159,"1 Asia Alliance Communications Ltd.",Barred,,"NTTN, ITC",IIG,,0,0,No,"MD. Abu  Sayeed","Team Mitul",Shareef,"CS Tarikul",N/A,N/A,,,,,No,2021-05-28
Discontinued,DISC-012518322,"A.S.N Internet Service Provider",Discontinued,,"NTTN, IIG",Upazila/Thana,,1,0,No,"Md. Mezbah Uddin Chy","Team Sakib",Khairul,"CS Tarikul",Ejaz,Monira,,,,,No,
Discontinued,DISC-3235,"Aamra Technologies Limited",Barred,,"NTTN, ITC",IIG,,1,0,Yes,"Mosabbir Hussain","Team Mosabbir",Shehave,"CS Shehave",,Jubayar,,,,,No,2023-12-19
Discontinued,DISC-7197,"Abeda Khatun Computer & IT Services",Barred,,"NTTN, IIG","Category - C",,1,0,No,"SK Sanaullah","Team Ryhan",Shohag,"CS Mithun",Waly,Mahbub,,,,,No,2023-02-28
Discontinued,DISC-4549,"ABS Online Service",Barred,,"NTTN, IIG",Divisional,,1,0,No,"MD. Abu  Sayeed","Team Mitul",Ehsanul,"CS Mithun",Shanto,Tawhid,,,,,No,2024-04-01
Discontinued,DISC-N/A,"ABSCO Ltd.",Discontinued,,IIG,,2nd,0.13996326919268035,0,No,"Kawsar Ahammed Siddiki","Team Rajib",Hasan,"CS Shehave",,,,,,,No,2015-08-31
Discontinued,DISC-3420,"Abuzz IT Limited",Discontinued,,NTTN,,2nd,0,"3 CHQ. Total worth of BDT 4.60 lacs",No,"MD. Abu  Sayeed","Team Mitul",Asif,"CS Shehave",,,,,,,No,2019-06-30
Discontinued,DISC-4562,"Agun Tech Limited",Barred,,"NTTN, IIG",Nationwide,,0,0,No,"MD. Abu  Sayeed","Team Mitul",Khairul,"CS Tarikul",N/A,Tawhid,,,,,No,2021-05-31
Discontinued,DISC-012104837,"Akbor Power Net",Discontinued,,IIG,"Thana - ISP",,,0,Yes,"Tabassom Tamanna Haque","Team Abid",Anik,"CS Tarikul",N/A,Monira,,,,,No,
Discontinued,DISC-012212724,"Alicon Network",Discontinued,,"NTTN, IIG","Thana - ISP",,1,0,Yes,"Rubaet Bin Hasan","Team Jahirul",Shohag,"CS Mithun",Waly,Aftab,,,,,No,
Discontinued,DISC-3086,"Angel Drops Ltd.",Discontinued,,"NTTN, IIG",Nationwide,Both,5.685744843673534E-2,0,No,"Rubaiyat Rahman","Team Ridwan",Azim,"CS Azim",,,,,,2023-11-22,No,2019-09-30
Discontinued,DISC-N/A,"Anowar Enterprise",Discontinued,,NTTN,,,0,"1 CHQ total worth of 50k",No,"Md.Mominul Islam","Team Fahad",Shohag,"CS Mithun",,,,,,,No,2015-06-30
Discontinued,DISC-N/A,"Arena Infotech Ltd.",Discontinued,,NTTN,"Central Zone Licenses",,0,0,No,"Ryhanul Islam Khan","Team Ryhan",Hasan,"CS Shehave",,,,,,2017-02-27,No,2012-09-30
Discontinued,DISC-N/A,"Arrti Net",Discontinued,,IIG,Category-C,1st,0,0,No,"Md.Mominul Islam","Team Fahad",Shohag,"CS Mithun",,,,,,2020-02-17,No,2014-05-20
Discontinued,DISC-3075,"Augere Wireless Broadband Bangladesh Limited",Discontinued,,"NTTN, IIG",,Both,0.12342284623209761,"1 CHQ total worth of 3.50 lac which expired Februray 2020",No,"Md. Sakib Aziz","Team Sakib",Anik,"CS Tarikul",,,,,,,No,2018-09-30
Discontinued,DISC-9472,"Azmiri Cable Network",Discontinued,,NTTN,"Cable TV",,1,0,No,"Md. Shahinur Islam Saju","Team Mosabbir",Mehedi,"CS Azim",Waly,,,,,,No,2022-12-01
Discontinued,DISC-3160,"Bangla Phone Ltd.",Discontinued,,"NTTN, IIG",,Both,8.9767938303764338E-7,0,Yes,"Md. Abid Hasan","Team Abid",Shareef,"CS Tarikul",,,,,,2019-04-09,No,2018-09-30
Discontinued,DISC-3057,"Banglalion Communications Ltd.",Barred,,NTTN,,,3.86711984538151E-2,"1 CHQ total worth of 50k",Yes,"MD. Abu  Sayeed","Team Mitul",Hasan,"CS Shehave",,,,,,,No,2019-12-31
Discontinued,DISC-12747,"Barisal Cyber Link",Discontinued,,NTTN,"Category - B",,1,0,No,"K.M. Mazharul Islam","Team Mosabbir",Khairul,"CS Tarikul",Waly,Mahbub,,,,,No,2023-04-01
Discontinued,DISC-3416,"Bcs Net",Barred,,"NTTN, IIG",Divisional,Both,#DIV/0!,0,No,"Jibeshwar Purakayastha","Team Talha",Shareef,"CS Tarikul",Shanto,Tawhid,,,,,Yes,2021-01-20
Discontinued,DISC-3240,"BD Link Communication Ltd.",Discontinued,,NTTN,ICX,,0,0,Yes,"Abu Talha Shawon","Team Talha",Tarikul,"CS Tarikul",Tanim,N/A,,,,,No,2023-07-31
Discontinued,DISC-4576,"Bismillah Telecom",Barred,,NTTN,Divisional,,0,0,Yes,"Md Mohsin Sujon","Team Sujon",Hasan,"CS Shehave",Shanto,N/A,,,,,No,2021-03-28
Discontinued,DISC-3445,"Blue Net",Barred,,"NTTN, IIG","South-East Zone",Both,0,0,No,"Mollick Tanzim Akhtar","Team Mosabbir",Mehedi,"CS Azim",,,,,,2023-05-29,No,2020-03-29
Discontinued,DISC-4511,"Brother's Online BD",Barred,,"NTTN, IIG",Divisional,Both,1,"1 CHQ worth of BDT 1.30 lac & 1 UDC worth of BDT 4.1 lacs.  Client paid the same amount in Cash.",No,"S.M. Tanvir Rahman","Team Jahirul",Shohag,"CS Mithun",,Tawhid,,,,,No,2022-11-01
Discontinued,DISC-012104629,"C&C Communication",Discontinued,,IIG,Upazila/Thana,,1,0,No,"Syed Shihab Rahman","Team Abid",Anik,"CS Tarikul",Nayeemur,Monira,,,,,No,
Discontinued,DISC-N/A,"Cable Entertainment Ltd",Discontinued,,NTTN,,,0,0,No,"Md.Israfil Khan","Team Israfil",Khairul,"CS Tarikul",,,,,,,No,2015-12-31
Discontinued,DISC-012312886,"Central Net Broadband Network",Barred,,"NTTN, IIG",Divisional,,0,0,No,"Asif Ahamed Dipu","Team Ryhan",Asif,"CS Shehave",Nayeemur,Monira,,,,,No,2026-04-30
Discontinued,DISC-012518325,"Chouddagram Broadband",Discontinued,,"IIG, NTTN",Upazila/Thana,,1,0,No,"Md.Noor Hossain","Team Israfil",Khairul,"CS Tarikul",Ejaz,Aftab,,,,,No,
Discontinued,DISC-3184,"Communication One Pvt. Ltd",Discontinued,,NTTN,,,0,0,No,"Syed Shihab Rahman","Team Rajib",Mehedi,"CS Azim",,,,,,,No,2019-11-30
Discontinued,DISC-N/A,"CPM Blue Online (Pvt.) Ltd.",Discontinued,,NTTN,,,9.2412465463106039E-2,0,No,"Partha Pratim Sarkar","Team Ridwan",Shareef,"CS Tarikul",,,,,,,No,2015-08-31
Discontinued,DISC-012104702,"Cue Club Technology",Discontinued,,"NTTN, IIG",District,,1,0,No,"Mosabbir Hussain","Team Mosabbir",Shohag,"CS Mithun",Waly,Monira,,,,,No,2024-08-31
Discontinued,DISC-3164,"Cyber Communication",Discontinued,,"NTTN, IIG","Central Zone",Both,0.12988337163615385,0,No,"Md.Israfil Khan","Team Israfil",Shohag,"CS Mithun",,,,,,2023-09-03,No,2018-12-31
Discontinued,DISC-012103375,"Daulatpur Online",Barred,,"NTTN, IIG",Divisional,,1,0,Yes,"SK Sanaullah","Team Ryhan",Shareef,"CS Tarikul",Nayeemur,Mahbub,,,,,No,2026-04-30
Discontinued,DISC-N/A,"Digital Operating Technologies Ltd",Discontinued,,NTTN,,,0,0,No,"K.M. Mazharul Islam","Team Mosabbir",Tarikul,"CS Tarikul",,,,,,,No,2016-01-31
Discontinued,DISC-012104800,"Digraj Internet Service Provider","Only SComm",,"NTTN, IIG","Thana - ISP",,1,0,Yes,"SK Sanaullah","Team Ryhan",Mehedi,"CS Azim",Ejaz,Tawhid,,,,,No,
Discontinued,DISC-012106954,"Dream IT",Barred,,"NTTN, IIG",Upazila/Thana,,1,0,Yes,"K.M. Mazharul Islam","Team Mosabbir",Shareef,"CS Tarikul",Waly,Mahbub,,,,,No,2026-04-30
Discontinued,DISC-4741,"Dreamy Tech",Barred,,"NTTN, IIG","Category - C",,1,0,No,"Md.Mominul Islam","Team Fahad",Mehedi,"CS Azim",Waly,Monira,,,,,No,2023-09-30
Discontinued,DISC-3129,"Drik ICT Limited",Barred,,NTTN,,,0,"2 PDC worth of BDT 20.80 lacs",Yes,"Toukir Azam Chowdhury","Team Sujon",Shareef,"CS Tarikul",,,,,,,No,2019-11-30
Discontinued,DISC-3393,"Eirtel Services",Discontinued,,"NTTN, IIG",Nationwide,Both,8.5043947388222674E-3,"9 CHQ worth of BDT 11.5 lacs which are expired December 22 and client payment same amount in cash. 2 PDC total worth of BDT 4 lacs expire on Jul'21 & Aug'21",No,"Abul Khayer Md. Fahad","Team Fahad",Sarwar,"CS Azim",Shanto,Aftab,,,,2023-05-29,Yes,2021-01-15
Discontinued,DISC-N/A,"Enterprise Secured Wireless",Discontinued,,"NTTN, IIG",,Both,0,"2 expired CHQ worth of BDT 2.40 Lacs which are expired June 2016",No,"Mollick Tanzim Akhtar","Team Mosabbir",Sarwar,"CS Azim",,,,,,,No,2016-07-31
Discontinued,DISC-3426,"Ether Link",Barred,,NTTN,Divisional,Both,1,"3 CHQ. Total worth of BDT 4.60 lacs",Yes,"Toukir Azam Chowdhury","Team Sujon",Ehsanul,"CS Mithun",N/A,Tawhid,,,,,No,2021-05-01
Discontinued,DISC-12204730,"Faisal Network",Discontinued,,"NTTN, IIG","Category - C",,0,0,No,"Mollick Tanzim Akhtar","Team Mosabbir",Hasan,"CS Shehave",Waly,Mahbub,,,,,No,
Discontinued,DISC-012103418,"Feni Easy Net",Discontinued,,"NTTN, IIG",Divisional,Both,1,0,Yes,"Abu Talha Shawon","Team Talha",Mithun,"CS Mithun",Tanim,Aftab,,,,,No,2025-05-04
Discontinued,DISC-N/A,"Fibernet Communications Ltd.",Discontinued,,NTTN,,,0,"7 CHQ. Total worth of BDT 19.78 lacs",No,"Syed Shihab Rahman","Team Rajib",Khairul,"CS Tarikul",,,,,,,No,2011-11-25
Discontinued,DISC-3257,"First n Fast IT LTD",Discontinued,,"NTTN, IIG",,Both,0,0,Yes,"Tasnim Rahman Nafis","Team Sakib",Mehedi,"CS Azim",,,,,,,No,2018-03-31
Discontinued,DISC-3282,"G4 Communications Limited",Barred,,NTTN,,,0,"2 Expire CHQs worth of 2 Lac",No,"Md. Abid Hasan","Team Abid",Shohag,"CS Mithun",,,,,,,No,2019-05-31
Discontinued,DISC-3385,"General Communications",Discontinued,,NTTN,,,0,0,No,"SK Sanaullah","Team Ryhan",Naznin,"CS Shehave",,,,,,,No,2018-11-30
Discontinued,DISC-3352,"Genius Internet Technology",Barred,,"NTTN, IIG","North-East Zone",Both,0,0,No,"Partha Pratim Sarkar","Team Ridwan",Shareef,"CS Tarikul",,,,,,2023-05-29,Yes,2020-10-29
Discontinued,DISC-3442,"GEOTEL BD LTD",Discontinued,,NTTN,,,0,0,Yes,"Partha Pratim Sarkar","Team Ridwan",Mithun,"CS Mithun",,,,,,,No,2019-01-31
Discontinued,DISC-012314038,"Global Internet",Discontinued,,"NTTN, IIG","Thana - ISP",,1,0,No,"Md.Israfil Khan","Team Israfil",Hasnat,"CS Azim",Waly,Monira,,,,,No,
Discontinued,DISC-3084,"Global Network",Discontinued,,"NTTN, IIG",,Both,0.11293751548122871,0,Yes,"Md. Shamrat Shahriar","Team Ryhan",Hasan,"CS Shehave",,,,,,,No,2017-11-30
Discontinued,DISC-112203274,"Global Voice Telecom Ltd",Discontinued,,NTTN,IGW,,0,0,No,"Toukir Azam Chowdhury","Team Sujon",Mehedi,"CS Azim",Shanto,Jubayar,,,,,No,
Discontinued,DISC-3204,"Global Voices.com",Barred,,"NTTN, IIG",,Both,0,0,Yes,"Md. Shamrat Shahriar","Team Ryhan",Asif,"CS Shehave",,,,,,,No,2019-08-31
Discontinued,DISC-4470,"H. M. Enterprise",Barred,,"NTTN, IIG",,Both,0,"2  CQ worth of BDT 3.32 Lacs another 4 CHQ worth of BDT 4 lacs This CHQ against already send legal notice and case file done)",Yes,"MD. Abu  Sayeed","Team Mitul",Naznin,"CS Shehave",,,,,,,Yes,2020-03-29
Discontinued,DISC-N/A,"Hamid Sourcing Ltd",Discontinued,,NTTN,,,1,0,No,"Syed Shihab Rahman","Team Rajib",Mithun,"CS Mithun",,,,,,,No,2015-02-28
Discontinued,DISC-3441,"Hepa Cyber Network",Barred,,"NTTN, IIG",,Both,0,0,No,"Md.Mominul Islam","Team Fahad",Hasnat,"CS Azim",,,,,,,No,2019-12-31
Discontinued,DISC-4512,"High Tech IT & Communication",Barred,,"NTTN, IIG","Zonal (NorthWest
Zone)",1st,0,0,No,"S.M. Tanvir Rahman","Team Jahirul",Shohag,"CS Mithun",Shanto,Tawhid,,,,2023-11-22,Yes,2021-09-30
Discontinued,DISC-3070,"HN Telecom Limited",Barred,,"NTTN, IIG",,Both,0,0,Yes,"Jahirul Islam","Team Jahirul",Mithun,"CS Mithun",,,,,,,No,2020-10-29
Discontinued,DISC-4520,"iBox Communication",Barred,,"NTTN, IIG",Divisional,,0,0,Yes,"S.M. Tanvir Rahman","Team Jahirul",Naznin,"CS Shehave",N/A,Tawhid,,,,,No,2021-01-15
Discontinued,DISC-N/A,"Ichinet Limited",Discontinued,,IIG,,Both,0,0,No,"Md. Mezbah Uddin Chy","Team Sakib",Khairul,"CS Tarikul",,,,,,,No,2017-01-31
Discontinued,DISC-3419,"IDS Bangladesh",Discontinued,,"NTTN, IIG",,Both,0,"1 CHQ total worth of BDT 1.13 lac",Yes,"Umaya Afrin Priya","Team Mitul",Hasnat,"CS Azim",,,,,,,No,2016-09-30
Discontinued,DISC-4473,"Innovative Solution",Discontinued,,"NTTN, IIG","Central Zone",Both,1,0,No,"Jannatul Nayem","Team Mitul",Anik,"CS Tarikul",,,,,,2023-05-29,No,2019-01-31
Discontinued,DISC-N/A,"Integrated Business Communications & Network Solutions Ltd",Discontinued,,NTTN,,,0,0,No,"Mollick Tanzim Akhtar","Team Mosabbir",Asif,"CS Shehave",,,,,,,No,2013-07-31
Discontinued,DISC-N/A,"IS Pros Limited",Discontinued,,NTTN,,,0,0,No,"Umaya Afrin Priya","Team Mitul",Hasan,"CS Shehave",,,,,,,No,2015-08-31
Discontinued,DISC-N/A,"IT Connect Ltd",Discontinued,,"NTTN, IIG",,,0,0,No,"Umaya Afrin Priya","Team Mitul",Anik,"CS Tarikul",,,,,,,No,2015-07-30
Discontinued,DISC-3132,"J.F. Optical Services",Discontinued,,"NTTN, IIG","Central Zone",Both,0,0,No,"Rubaiyat Rahman","Team Ridwan",Hasnat,"CS Azim",,,,,,2019-07-23,No,2017-09-30
Discontinued,DISC-3423,"Just Click Online",Discontinued,,"NTTN, IIG",District,,1,0,No,"K.M. Mazharul Islam","Team Mosabbir",Mehedi,"CS Azim",Waly,Prince,,,,,No,2022-12-31
Discontinued,DISC-012207213,"Karsan Net",Barred,,"NTTN, IIG",Divisional,,1,0,Yes,"Ryhanul Islam Khan","Team Ryhan",Anik,"CS Tarikul",Tanim,Aftab,,,,,No,2026-04-30
Discontinued,DISC-6870,"Khilgaon Dot Net",Discontinued,,IIG,"Thana - ISP",,0.91856750878565407,0,Yes,"Md Mohsin Sujon","Team Sujon",Khairul,"CS Tarikul",,Tawhid,,,,,Yes,2022-05-31
Discontinued,DISC-4539,"Khulna Fiber Link",Barred,,"NTTN, IIG",Divisional,,0,0,Yes,"Ryhanul Islam Khan","Team Ryhan",Asif,"CS Shehave",N/A,Tawhid,,,,,No,2021-02-15
Discontinued,DISC-012518299,"Lockpur online",Discontinued,,IIG,Upazila/Thana,,0.64193723062236951,0,No,"SK Sanaullah","Team Ryhan",Hasnat,"CS Azim",N/A,Aftab,,,,,No,
Discontinued,DISC-012209423,"Low Speed Network",Discontinued,,IIG,"Thana - ISP",,1,0,No,"Toukir Azam Chowdhury","Team Sujon",Mehedi,"CS Azim",N/A,Mahbub,,,,,No,
Discontinued,DISC-3332,"Lushai Systems",Discontinued,,NTTN,"(South-East Zone)",,0,0,No,"Md. Mezbah Uddin Chy","Team Sakib",Shareef,"CS Tarikul",,,,,,2020-01-15,No,2019-11-30
Discontinued,DISC-3341,"M. D. Soft Technology",Barred,,"NTTN, IIG",Divisional,Both,0.89193883603804924,0,No,"MD. Abu  Sayeed","Team Mitul",Naznin,"CS Shehave",Shanto,Aftab,,,,,Yes,2021-04-20
Discontinued,DISC-3300,"M.R. Khan Joint International Trade Center",Discontinued,,NTTN,Divisional,1st,0,0,No,"K.M. Mazharul Islam","Team Mosabbir",Anik,"CS Tarikul",,Aftab,,,,2024-03-07,No,2021-10-31
Discontinued,DISC-3250,"M/S BD Connect.net",Discontinued,,"NTTN, IIG",,Both,0.62237268194731932,0,Yes,"Mollick Tanzim Akhtar","Team Mosabbir",Shareef,"CS Tarikul",,,,,,,No,2019-04-20
Discontinued,DISC-3139,"M/S IPLink Networks BD",Barred,,"NTTN, IIG",Divisional,,1,0,No,"K.M. Mazharul Islam","Team Mosabbir",Hasnat,"CS Azim",,Prince,,,,,No,2022-07-31
Discontinued,DISC-3378,"M/S SK Net City",Barred,,"NTTN, IIG",Divisional,Both,0,"5 CHQ. Worth of BDT 8.50 lac, Under litigation",No,"MD. Abu  Sayeed","Team Mitul",Sarwar,"CS Azim",Tanim,Tawhid,,,,,Yes,2020-11-20
Discontinued,DISC-012418200,"M/s Smart Zone Communication",Discontinued,,"NTTN, IIG","Category - C",,#DIV/0!,0,No,"Md. Mahin Alam","Team Abid",Ehsanul,"CS Mithun",Ejaz,Monira,,,,,No,
Discontinued,DISC-3087,"M/S Try Catch Technology",Barred,,"NTTN, IIG",,Both,0,0,No,"Md.Mominul Islam","Team Fahad",Asif,"CS Shehave",,,,,,,Yes,2020-01-31
Discontinued,DISC-012203189,"M/S. A.R. Enterprise",Discontinued,,"NTTN, IIG",Divisional,,1,0,Yes,"K.M. Mazharul Islam","Team Mosabbir",Khairul,"CS Tarikul",Tanim,Aftab,,,,,No,
Discontinued,DISC-3366,"M/s. Airnet Communication",Barred,,"NTTN, IIG",Divisional,Both,0,0,Yes,"Jibeshwar Purakayastha","Team Talha",Sarwar,"CS Azim",Tanim,N/A,,,,2023-10-01,Yes,2020-10-30
Discontinued,DISC-3322,"M/s. Asia Intel Communications",Barred,,"NTTN, IIG",,2nd,0,0,No,"Md. Abid Hasan","Team Abid",Hasnat,"CS Azim",,,,,,,No,2019-09-30
Discontinued,DISC-3373,"M/s. Bhai Bhai Enterprise",Discontinued,,"NTTN, IIG",,Both,0.50181153965816594,0,No,"Md.Mominul Islam","Team Fahad",Shohag,"CS Mithun",,,,,,,No,2019-01-31
Discontinued,DISC-3115,"M/S. BK-Online",Barred,,"NTTN, IIG",,Both,0,0,No,"Mosabbir Hussain","Team Mosabbir",Ehsanul,"CS Mithun",,,,,,,No,2019-12-31
Discontinued,DISC-3038,"M/S. Comilla Online",Barred,,NTTN,,,0,0,Yes,"MD. Abu  Sayeed","Team Mitul",Ehsanul,"CS Mithun",,,,,,,Yes,2019-09-30
Discontinued,DISC-3458,"M/S. J Enterprise",Discontinued,,"NTTN, IIG",,Both,0,0,No,"K.M. Mazharul Islam","Team Mosabbir",Khairul,"CS Tarikul",,,,,,,No,2019-07-31
Discontinued,DISC-3397,"M/s. Moulvibazar Broadband Service (MBS)",Barred,,"NTTN, IIG",,Both,0,0,No,"Jibeshwar Purakayastha","Team Talha",Mehedi,"CS Azim",,,,,,,No,2019-12-31
Discontinued,DISC-3334,"M/S. Planet Satellite",Barred,,"NTTN, IIG","South – East Zone",Both,0,0,No,"Mollick Tanzim Akhtar","Team Mosabbir",Mehedi,"CS Azim",,,,,,2023-05-29,No,2019-09-30
Discontinued,DISC-3233,"M/s. Rafin Satellite",Barred,,"NTTN, IIG",,Both,0,0,Yes,"Md.Israfil Khan","Team Israfil",Hasnat,"CS Azim",,,,,,,No,2019-12-31
Discontinued,DISC-032204781,"M/s. RS Organization","Only SComm",,IIG,"Category - A",,1,0,No,"Jannatul Nayem","Team Mitul",Khairul,"CS Tarikul",Nayeemur,Mahbub,,,,,No,
Discontinued,DISC-4544,"M/s. Sabbir Enterprise",Barred,,"NTTN, IIG","South – East Zone",Both,0,0,No,"K.M. Mazharul Islam","Team Mosabbir",Shehave,"CS Shehave",Shanto,Tawhid,,,,2023-05-29,No,2021-01-15
Discontinued,DISC-3048,"M/s. World Bangla Data Network & Telecom",Discontinued,,"NTTN, IIG",,Both,0,"1 Expire CHQ worth of 50k",No,"K.M. Mazharul Islam","Team Mosabbir",Asif,"CS Shehave",,,,,,,No,2018-01-31
Discontinued,DISC-4710,"Malumghat Online",Barred,,IIG,"Category - C",,1,0,No,"Tasnim Rahman Nafis","Team Sakib",Mehedi,"CS Azim",,Mahbub,,,,2023-11-22,No,2022-07-31
Discontinued,DISC-012106910,"Maple Leaf Networks Limited",Discontinued,,"NTTN, IIG","Category - A",,1,0,No,"Md.Noor Hossain","Team Israfil",Tarikul,"CS Tarikul",Waly,Mahbub,,,,,No,
Discontinued,DISC-N/A,"Marzuk Enterprize",Discontinued,,NTTN,,,0,0,No,"Partha Pratim Sarkar","Team Ridwan",Shohag,"CS Mithun",,,,,,,No,2011-12-20
Discontinued,DISC-3221,"MAXNET ONLINE",Barred,,"NTTN, ITC",,,0.44608898427096627,0,Yes,"MD. Abu  Sayeed","Team Mitul",Anik,"CS Tarikul",,,,,,,No,2019-12-31
Discontinued,DISC-3097,"Media & Multimedia",Barred,,NTTN,"Central Zone",,0,0,No,"Mosabbir Hussain","Team Mosabbir",Tarikul,"CS Tarikul",,,,,,2023-05-29,No,2019-12-31
Discontinued,DISC-N/A,"METAPHOR CYBER NET",Discontinued,,IIG,,Both,0,0,No,"Md. Shamrat Shahriar","Team Ryhan",Khairul,"CS Tarikul",,,,,,2017-02-27,No,2017-02-28
Discontinued,DISC-3180,"Microtrade ICX Limited",Discontinued,,NTTN,ICX,,0.50399364564813653,"17 CHQ. Total Worth of BDT 11 lacs",No,"Jahirul Islam","Team Jahirul",Khairul,"CS Tarikul",Tanim,N/A,,,,,No,2021-09-15
Discontinued,DISC-4497,"Mother Net",Barred,,"NTTN, IIG","North – West
Zone",Both,1,0,No,"S.M. Tanvir Rahman","Team Jahirul",Hasnat,"CS Azim",N/A,Tawhid,,,,2023-05-29,No,2021-03-28
Discontinued,DISC-N/A,"Multiplus Online Ltd",Discontinued,,IIG,,Both,0,"8 CHQ. Total Worth  of BDT 23 lac",No,"Md. Sohel Rana","Team Jahirul",Hasnat,"CS Azim",,,,,,,No,2017-01-31
Discontinued,DISC-012312884,"Munshi Computer & IT Services",Discontinued,,"NTTN, IIG","Category - C",,1,0,No,"Md.Noor Hossain","Team Israfil",Asif,"CS Shehave",Waly,Mahbub,,,,,No,
Discontinued,DISC-N/A,"MYNET INTERNET SERVICE PROVIDER",Discontinued,,IIG,,2nd,0,"8 CHQ. Total Worth  of BDT 23 lac",No,"Md.Mominul Islam","Team Fahad",Anik,"CS Tarikul",,,,,,,No,2015-06-30
Discontinued,DISC-012318168,"Nayergaon Online",Discontinued,,"NTTN, IIG",Upazila/Thana,,1,0,No,"Md.Noor Hossain","Team Israfil",Shareef,"CS Tarikul",Ejaz,Monira,,,,,No,2026-05-31
Discontinued,DISC-3193,"Net Bazzer",Discontinued,,"NTTN, IIG",,Both,0,0,No,"Rubaiyat Rahman","Team Ridwan",Hasan,"CS Shehave",,,,,,,No,2017-11-30
Discontinued,DISC-4482,"Net Matrix",Discontinued,,NTTN,,2nd,0,0,Yes,"Md. Mostafizur Rahman","Team Fahad",Tarikul,"CS Tarikul",,,,,,,No,2020-02-29
Discontinued,DISC-N/A,"New Generation Technology LTD",Discontinued,,NTTN,,2nd,0,0,No,"Umaya Afrin Priya","Team Mitul",Hasan,"CS Shehave",,,,,,,No,2012-08-31
Discontinued,DISC-012418269,"New Smart Internet Service",Discontinued,,"NTTN, IIG",Upazila/Thana,,1,0,No,"Toukir Azam Chowdhury","Team Sujon",Sarwar,"CS Azim",Ejaz,Mahbub,,,,,No,
Discontinued,DISC-3218,"Nextgen Networks Limited",Discontinued,,"NTTN, IIG",,Both,0,0,Yes,"Md.Israfil Khan","Team Israfil",Azim,"CS Azim",,,,,,2017-01-30,No,2019-04-30
Discontinued,DISC-4471,"Nilima Broadband",Barred,,"NTTN, IIG","South – West
Zone",Both,0.19437585399453111,"1 PDC worth 3.94 lacs, which is under litigation",No,"Ryhanul Islam Khan","Team Ryhan",Azim,"CS Azim",Shanto,Tawhid,,,,2023-05-29,Yes,2020-10-29
Discontinued,DISC-3369,"NMS Technologies Ltd.",Barred,,"NTTN, IIG",,Both,0,0,Yes,"Syed Shihab Rahman","Team Rajib",Mehedi,"CS Azim",,,,,,,No,2020-03-29
Discontinued,DISC-N/A,"Onenet Communications Ltd.",Discontinued,,"NTTN, IIG",,2nd,0,0,Yes,"Nubuiya Mahfuz Naimee","Team Fahad",Mehedi,"CS Azim",,,,,,,No,2015-07-31
Discontinued,DISC-3119,"Open Network Solution",Barred,,"NTTN, IIG",Divisional,Both,0.1399035272916879,0,No,"Md. Shahinur Islam Saju","Team Mosabbir",Shehave,"CS Shehave",Shanto,Aftab,,,,,Yes,2020-06-29
Discontinued,DISC-4486,"PACE IT",Barred,,"NTTN, IIG",Divisional,1st,5.5228943903894871E-2,"1 CHQ total worth of 3.50 lac which expired Februray 2020",Yes,"Jahirul Islam","Team Jahirul",Naznin,"CS Shehave",Shanto,Tawhid,,,,,Yes,2021-11-30
Discontinued,DISC-3143,"Paralekha Online",Barred,,NTTN,Divisional,Both,1,0,No,"MD. Abu  Sayeed","Team Mitul",Ehsanul,"CS Mithun",,Aftab,,,,2023-01-10,Yes,2022-06-30
Discontinued,DISC-7088,"Planet Internet Gateway Ltd.",Barred,,ITC,IIG,,0,0,No,"Abu Talha Shawon","Team Talha",Azim,"CS Azim",Jubayar,,,,,,No,2022-02-08
Discontinued,DISC-N/A,Polytrade,Discontinued,,"NTTN, IIG",,2nd,0,0,No,"Rubaiyat Rahman","Team Ridwan",Naznin,"CS Shehave",,,,,,,No,2016-02-29
Discontinued,DISC-N/A,"PraDeshta Limited",Discontinued,,NTTN,"Central Zone",,0,"1 CHQ total worth of BDT 1.13 lac",No,"MD. Abu  Sayeed","Team Mitul",Mehedi,"CS Azim",,,,,,2019-07-23,No,2015-10-29
Discontinued,DISC-8235,"Prime Cable Network",barred,,NTTN,,,1,0,No,"Syed Shihab Rahman","Team Rajib",Hasnat,"CS Azim",Shanto,,,,,,No,2024-02-02
Discontinued,DISC-3264,"Professionals' System",Discontinued,,NTTN,"ISP (Cat-A)",,1,0,Yes,"Abu Talha Shawon","Team Talha",Sarwar,"CS Azim",Shanto,,,,,2023-05-29,No,2023-06-30
Discontinued,DISC-012107180,"Quantum Broadband",Discontinued,,"NTTN, IIG",District,,1,0,Yes,"K.M. Mazharul Islam","Team Mosabbir",Hasan,"CS Shehave",Tanim,Monira,,,,,No,
Discontinued,DISC-4524,"Rajor Online Communication",Discontinued,,"NTTN, IIG",,Both,0,0,Yes,"Md.Israfil Khan","Team Israfil",Mehedi,"CS Azim",,,,,,,No,2019-10-31
Discontinued,DISC-4553,"Rangpur City Cable",Barred,,"NTTN, IIG","North – West
Zone",1st,0,0,No,"Md. Shahinur Islam Saju","Team Mosabbir",Asif,"CS Shehave",N/A,Tawhid,,,,2023-05-29,Yes,2021-02-15
Discontinued,DISC-012209465,"RAS Network",Discontinued,,"NTTN, IIG","Thana - ISP",,1,0,No,"Sadia Nowshin Farin","Team Talha",Anik,"CS Tarikul",Ejaz,Mahbub,,,,,No,
Discontinued,DISC-012209508,"Regiment Technologies",Discontinued,,"NTTN, IIG","Thana - ISP",Both,1,0,Yes,"Md.Israfil Khan","Team Israfil",Anik,"CS Tarikul",Ejaz,Mahbub,,,,,No,
Discontinued,DISC-062203213,"Roots Communication Ltd",Discontinued,,NTTN,IGW,,0,0,Yes,"Toukir Azam Chowdhury","Team Sujon",Sarwar,"CS Azim",Shanto,N/A,,,,,No,
Discontinued,DISC-N/A,"Royal Green Online",Discontinued,,NTTN,,,0,0,No,"Toukir Azam Chowdhury","Team Sujon",Tarikul,"CS Tarikul",,,,,,,No,2012-07-31
Discontinued,DISC-4464,"RSM Network",Barred,,"NTTN, IIG",,Both,0,0,Yes,"Md.Israfil Khan","Team Israfil",Hasnat,"CS Azim",,,,,,,No,2019-06-30
Discontinued,DISC-3149,"S. Ahmed Computers & Printers",Discontinued,,NTTN,"ISP-Zonal (North-East Zone)",,0,0,No,"Jibeshwar Purakayastha","Team Talha",Tarikul,"CS Tarikul",,,,,,2020-01-15,No,2019-05-31
Discontinued,DISC-3265,"Sadiatech Company Limited",Discontinued,,"NTTN, IIG",,2nd,0,0,No,"Umaya Afrin Priya","Team Mitul",Hasan,"CS Shehave",,,,,,,No,2018-05-31
Discontinued,DISC-3411,"Saiful Islam Trade Link",Discontinued,,NTTN,,2nd,0,0,No,"SK Sanaullah","Team Ryhan",Sarwar,"CS Azim",,,,,,,No,2018-12-31
Discontinued,DISC-012315055,"Sajib Network",Discontinued,,"NTTN, IIG","Thana - ISP",,1,0,No,"SK Sanaullah","Team Ryhan",Asif,"CS Shehave",Ejaz,Monira,,,,,No,
Discontinued,DISC-012209489,"Salman Cable Networking",Discontinued,,"NTTN, IIG",Upazila/Thana,,1,0,No,"K.M. Mazharul Islam","Team Mosabbir",Anik,"CS Tarikul",Waly,Monira,,,,,No,
Discontinued,DISC-012206931,"Sawdesh BD.Net",Discontinued,,IIG,"Thana - ISP",,1,0,Yes,"Nubuiya Mahfuz Naimee","Team Fahad",Hasnat,"CS Azim",N/A,Monira,,,,,No,
Discontinued,DISC-3222,"SB Network",Barred,,NTTN,,,0,"5 CHQ. Worth of BDT 8.50 lac, Under litigation",Yes,"Ryhanul Islam Khan","Team Ryhan",Azim,"CS Azim",,,,,,,No,2020-05-31
Discontinued,DISC-3113,"Service Solutions (Pvt.) Ltd.",Discontinued,,NTTN,,,0,0,No,"Jannatul Nayem","Team Mitul",Anik,"CS Tarikul",,,,,,,No,2018-10-31
Discontinued,DISC-012107188,"Shanta Network",Discontinued,,"NTTN, IIG","Category - C",,1,0,No,"SK Sanaullah","Team Ryhan",Mehedi,"CS Azim",Ejaz,Mahbub,,,,,No,
Discontinued,DISC-3041,"Shergold House",Discontinued,,"NTTN, IIG","North – West
Zone",Both,0,0,No,"S.M. Tanvir Rahman","Team Jahirul",Naznin,"CS Shehave",,,,,,2023-05-29,No,2017-09-30
Discontinued,DISC-3246,"Sigma Telecom Ltd.",Discontinued,,NTTN,,,0,0,No,"Abul Khayer Md. Fahad","Team Fahad",Tarikul,"CS Tarikul",,,,,,,No,2018-06-30
Discontinued,DISC-10675,"Sine-10 BD.LTD.",Discontinued,,"NTTN, IIG",,Both,0,0,Yes,"Umaya Afrin Priya","Team Mitul",Mehedi,"CS Azim",,,,,,,No,2016-07-31
Discontinued,DISC-3392,"Sky Link Net",Barred,,"NTTN, IIG",,Both,0,0,No,"Mollick Tanzim Akhtar","Team Mosabbir",Mehedi,"CS Azim",,,,,,,No,2020-04-29
Discontinued,DISC-N/A,"Sky Tel Ltd",Discontinued,,NTTN,,,0,0,No,"Syed Shihab Rahman","Team Rajib",Mehedi,"CS Azim",,,,,,,No,2013-12-31
Discontinued,DISC-3128,"Skylink Solution International",Discontinued,,NTTN,"North – West
Zone",2nd,0,0,No,"S.M. Tanvir Rahman","Team Jahirul",Naznin,"CS Shehave",,,,,,2023-05-29,No,2018-09-30
Discontinued,DISC-111903302,"Smars Telecom","License Cancelled",,IIG,"Cable TV",,0,0,No,"Md.Israfil Khan","Team Israfil",Shareef,"CS Tarikul",N/A,Aftab,,,,,No,
Discontinued,DISC-4566,"Speed Links",Discontinued,,NTTN,"ISP (Cat-B)",,0,0,Yes,"Md. Shahinur Islam Saju","Team Mosabbir",Ehsanul,"CS Mithun",Waly,,,,,2023-12-20,No,2022-10-31
Discontinued,DISC-012318160,"Speed Network","Only SComm",,"NTTN, IIG",Upazila/Thana,,1,0,Yes,"Mollick Tanzim Akhtar","Team Mosabbir",Hasnat,"CS Azim",Ejaz,Tawhid,,,,,No,2025-09-20
Discontinued,DISC-12889,"Spirited Network",Barred,,"NTTN, IIG","Thana - ISP",,0.14055977932114647,0,No,"Md. Abid Hasan","Team Abid",Asif,"CS Shehave",Waly,Mahbub,,,,,Yes,2023-08-01
Discontinued,DISC-3291,"Star Allies Pvt. Ltd",Barred,,"NTTN, IIG",,Both,0.42257633614320844,"1 CHQ total worth of 3.50 lac which expired Februray 2020",No,"Md. Shahinur Islam Saju","Team Mosabbir",Ehsanul,"CS Mithun",,,,,,2020-01-15,Yes,2019-12-31
Discontinued,DISC-3325,"Star Tech Network",Discontinued,,"NTTN, IIG","ISP (Cat-C)",Both,0,0,No,Ashak-A-Mahbub,"Team Abid",Anik,"CS Tarikul",,,,,,2023-05-29,No,2017-10-31
Discontinued,DISC-N/A,"Supernet BD Ltd",Discontinued,,IIG,,2nd,0,0,No,"Jannatul Nayem","Team Mitul",Anik,"CS Tarikul",,,,,,,No,2015-12-31
Discontinued,DISC-N/A,"Sylnet IT & Billad Zone",Discontinued,,IIG,,1st,0,0,No,"Jibeshwar Purakayastha","Team Talha",Shareef,"CS Tarikul",,,,,,,No,2015-03-31
Discontinued,DISC-012303112,"Systems Solutions & Development Technologies Ltd.",Barred,,"NTTN, IIG",,,1,0,Yes,"Partha Pratim Sarkar","Team Jahirul",Naznin,"CS Shehave",Tanim,Aftab,,,,,Yes,2026-02-01
Discontinued,DISC-4527,"Techonica Itech Ltd.",Discontinued,,NTTN,"North – West
Zone",,0,0,No,"S.M. Tanvir Rahman","Team Jahirul",Khairul,"CS Tarikul",,Tawhid,,,,2023-05-29,No,2021-04-01
Discontinued,DISC-3297,"Tecno Asia Infotech Limited",Discontinued,,"NTTN, IIG",,Both,0,0,Yes,"Nubuiya Mahfuz Naimee","Team Fahad",Hasnat,"CS Azim",,,,,,,No,2018-01-31
Discontinued,DISC-N/A,"Tele Exchange Limited",Discontinued,,NTTN,,,0,0,No,"Nubuiya Mahfuz Naimee","Team Fahad",Sarwar,"CS Azim",,,,,,,No,2014-12-31
Discontinued,DISC-4761,"Tiger Online",Barred,,"NTTN, IIG","Category - C",,1,0,No,"SK Sanaullah","Team Ryhan",Mehedi,"CS Azim",Waly,Mahbub,,,,,No,2024-05-01
Discontinued,DISC-N/A,"Tiger Telecommunications Company Limited",Discontinued,,IIG,"Central Zone",2nd,0,0,No,"Mollick Tanzim Akhtar","Team Mosabbir",Anik,"CS Tarikul",,,,,,2019-07-23,No,2016-07-31
Discontinued,DISC-3328,"Tista Online",Discontinued,,NTTN,,,0,"2 PDC worth of BDT 20.80 lacs",No,"Md. Shahinur Islam Saju","Team Mosabbir",Azim,"CS Azim",,,,,,,No,2020-09-29
Discontinued,DISC-012204783,"Tlink Communication",Barred,,"NTTN, IIG",Upazila/Thana,,1,0,Yes,"Rubaiyat Rahman","Team Jahirul",Mehedi,"CS Azim",,Tawhid,,,,,No,2026-05-31
Discontinued,DISC-3196,"UB Online",Discontinued,,NTTN,,1st,0,"3 Expierd CHQ worth of BDT 3.63 lacs",No,"Md. Shahinur Islam Saju","Team Mosabbir",Naznin,"CS Shehave",,,,,,,No,2020-02-29
Discontinued,DISC-012104634,"Unlimited Broadband Network",Barred,,"NTTN, IIG","Thana - ISP",Both,1,0,No,"Md. Abid Hasan","Team Abid",Hasan,"CS Shehave",Waly,Mahbub,,,,,No,2026-03-31
Discontinued,DISC-4588,"Varendra it",Discontinued,,"NTTN, IIG",,2nd,0,0,No,"S.M. Tanvir Rahman","Team Jahirul",Naznin,"CS Shehave",,,,,,,No,2020-07-31
Discontinued,DISC-4595,Vbangla,Discontinued,,NTTN,Divisional,,0,0,No,"Md. Shahinur Islam Saju","Team Mosabbir",Ehsanul,"CS Mithun",,Tawhid,,,,,No,2022-02-03
Discontinued,DISC-3245,"Venus Telecom Ltd.",Discontinued,,"NTTN, ITC",ICX,,1,0,Yes,"Toukir Azam Chowdhury","Team Sujon",Naznin,"CS Shehave",Shanto,N/A,,,,,No,2020-09-30
Discontinued,DISC-4493,VIBE,Discontinued,,"NTTN, IIG",,Both,0,0,No,"S.M. Tanvir Rahman","Team Jahirul",Sarwar,"CS Azim",,,,,,,No,2019-10-31
Discontinued,DISC-3072,"Virtual American Companies (BD) Limited",Barred,,"NTTN, IIG",,Both,0,"1 Expire CHQ worth of total BDT 8.29 Lac",Yes,"Nubuiya Mahfuz Naimee","Team Fahad",Shareef,"CS Tarikul",,,,,,,No,2020-02-29
Discontinued,DISC-N/A,"Vision Tel Ltd",Discontinued,,NTTN,IGW,,1,0,No,"Umaya Afrin Priya","Team Mitul",Hasan,"CS Shehave",,,,,,2015-06-16,No,2014-05-31
Discontinued,DISC-012209509,"Wave Net",Discontinued,,IIG,"Thana - ISP",,1,0,Yes,"Nubuiya Mahfuz Naimee","Team Fahad",Mehedi,"CS Azim",N/A,Mahbub,,,,,No,
Discontinued,DISC-3134,"Winer Communication",Barred,,"NTTN, IIG",,Both,0,0,Yes,"Partha Pratim Sarkar","Team Ridwan",Shohag,"CS Mithun",,,,,,,No,2019-12-31
Discontinued,DISC-012203335,"X-Link Limited",Yes,,IIG,Nationwide,,#DIV/0!,0,No,"Mollick Tanzim Akhtar","Team Mosabbir",Shareef,"CS Tarikul",N/A,Aftab,,,,,No,
Discontinued,DISC-3244,"X-Net Limited",Discontinued,,NTTN,,,3.7717767796813539E-3,0,No,"Mollick Tanzim Akhtar","Team Mosabbir",Ehsanul,"CS Mithun",,,,,,,No,2018-01-31
Discontinued,DISC-3186,"Zip Net Limited",Barred,,"NTTN, IIG",Nationwide,Both,0,0,Yes,"Md. Abid Hasan","Team Abid",Asif,"CS Shehave",Tanim,Tawhid,,,,,Yes,2020-10-15
Discontinued,DISC-3071,"ZX Online Limited",Barred,,"NTTN, IIG",,Both,#DIV/0!,0,Yes,"Toukir Azam Chowdhury","Team Sujon",Mithun,"CS Mithun",,,,,,,Yes,2020-09-15
Discontinued,DISC-012204769,"13 Online",Discontinued,,IIG,"Thana - ISP",,1,,No,"Mollick Tanzim Akhtar","Team Sujon",Hasnat,"CS Azim",N/A,Monira,,,,,No,
Discontinued,DISC-012209477,"3R Net",Discontinued,,"NTTN, IIG","Category - A",,1,,Yes,"Jannatul Nayem","Team Mitul",Khairul,"CS Tarikul",Waly,Monira,,,,,No,
Discontinued,DISC-7160,"71 Online",Discontinued,,IIG,"Thana - ISP",,#DIV/0!,,No,"Mollick Tanzim Akhtar","Team Sujon",Khairul,"CS Tarikul",N/A,Mahbub,,,,,No,
Discontinued,DISC-012204705,"A1 Cyberlink BD",Discontinued,,"NTTN, IIG","Category - C",,1,,No,"Mollick Tanzim Akhtar","Team Mosabbir",Anik,"CS Tarikul",Ejaz,Mahbub,,,,,No,
Discontinued,DISC-3220,"Abir Telecom Limited",Discontinued,,NTTN,,,1,,No,,,Hasan,"CS Shehave",,,,,,,No,
Discontinued,DISC-3272,"Air Max",Barred,,NTTN,,1st,#DIV/0!,,No,"Mollick Tanzim Akhtar","Team Sujon",Naznin,"CS Shehave",,,,,,,No,
Discontinued,DISC-12966,"Airnet Broadband Internet",Discontinued,,IIG,"Category - B",,1,,No,"Md. Mahin Alam","Team Abid",Asif,"CS Shehave",N/A,Mahbub,,,,,No,
Discontinued,DISC-N/A,"Airtel Bangladesh Ltd",Discontinued,,,,,#DIV/0!,,No,,,Ferdaus,#N/A,,,,,,,No,
Discontinued,DISC-7185,"Al Amin Online",Discontinued,,IIG,"Category - B",,1,,No,"Sakib Aziz","Team Rakib",Mehedi,"CS Azim",,Mahbub,,,,,No,
Discontinued,DISC-3276,"Alap Communication Ltd.",Discontinued,,NTTN,Nationwide,,#DIV/0!,,No,"Jahirul Islam","Team Ridwan",Ehsanul,"CS Mithun",Tanim,,,,,,No,
Discontinued,DISC-9667,"Anondo Online",Discontinued,,"NTTN, IIG","Thana - ISP",,1,,No,"Nuzhat Binte Rahman","Team Israfil",Asif,"CS Shehave",Waly,Mahbub,,,,,No,
Discontinued,DISC-4639,"Apon IT",Discontinued,,"NTTN, IIG",,,#DIV/0!,,No,"Shihab Rahman","Team Rajib",Khairul,"CS Tarikul",Waly,Monira,,,,,No,
Discontinued,DISC-012418210,"Arif Enterprise",Discontinued,,"NTTN, IIG","Category - A",,#DIV/0!,,No,"Sadia Nowshin Farin","Team Talha",Sarwar,"CS Azim",Waly,Tawhid,,,,,No,
Discontinued,DISC-3435,"Arrow Net",Discontinued,,,,,#DIV/0!,,No,,,Mithun,"CS Mithun",,,,,,,No,
Discontinued,DISC-012211707,"ASTL Communication",Discontinued,,"NTTN, IIG","Thana - ISP",,#DIV/0!,,No,"Nuzhat Binte Rahman","Team Israfil",Shareef,"CS Tarikul",Shanto,Mahbub,,,,,No,
Discontinued,DISC-3237,"Bangla Tel Ltd",Discontinued,,NTTN,Others,,1,,Yes,"Talha Shawon","Team Talha",Tarikul,"CS Tarikul",Tanim,N/A,,,,,No,
Discontinued,DISC-3127,"Bangladesh Internet Exchange Ltd.",Discontinued,,,,,#DIV/0!,,No,,,Shareef,"CS Tarikul",,,,,,,No,
Discontinued,DISC-6891,"BDM Internet",Discontinued,,IIG,"Category - A",,#DIV/0!,,No,"Moshiur Rahman","Team Rakib",Khairul,"CS Tarikul",,Prince,,,,,No,
Discontinued,DISC-3166,"Bee Connection",Discontinued,,,,,#DIV/0!,,No,,,Shareef,"CS Tarikul",,,,,,,No,
Discontinued,DISC-012418253,Beetelenet,Discontinued,,"NTTN, IIG","Thana - ISP",,1,,No,"Md. Mominul Islam","Team Fahad",Anik,"CS Tarikul",Ejaz,Mahbub,,,,,No,
Discontinued,DISC-012204653,"Betaga Online",Discontinued,,"NTTN, IIG",District,,1,,Yes,"SK Sanaullah","Team Ryhan",Asif,"CS Shehave",Waly,Monira,,,,,No,
Discontinued,DISC-4749,"Binary Matrix BD",Discontinued,,IIG,"Category - A",,1,,No,"Mollick Tanzim Akhtar","Team Sujon",Anik,"CS Tarikul",,Tawhid,,,,,No,
Discontinued,DISC-N/A,"Broad Band Zone",Discontinued,,IIG,,,#DIV/0!,,No,"Moshiur Rahman","Team Rakib",Mithun,"CS Mithun",,,,,,,No,
Discontinued,DISC-3171,"BUCT Communications Limited",Barred,,"NTTN, IIG",,Both,0,,No,"Shihab Rahman","Team Rajib",Shareef,"CS Tarikul",,,,,,,No,2019-12-31
Discontinued,DISC-9549,"Cable One",Discontinued,,NTTN,"Cable TV",,#DIV/0!,,No,"Shahinur Islam Saju","Team Mosabbir",Mithun,"CS Mithun",Shanto,N/A,,,,,No,
Discontinued,DISC-6881,"Chittagong Communications Limited",Discontinued,,NTTN,,,#DIV/0!,,No,"Sakib Aziz","Team Rakib",Mehedi,"CS Azim",Tanim,N/A,,,,,No,
Discontinued,DISC-N/A,"Chowrongi Cyber Network.",Discontinued,,,,,#DIV/0!,,No,,,Shareef,"CS Tarikul",,,,,,,No,
Discontinued,DISC-3205,"City Net IT",Discontinued,,"NTTN, IIG",,1,#DIV/0!,,No,,,Tarikul,"CS Tarikul",,,,,,,No,
Discontinued,DISC-N/A,"Coloasia Limited",Discontinued,,,,,#DIV/0!,,No,,,Sarwar,"CS Azim",,,,,,,No,
Discontinued,DISC-4724,"Commander Net",Discontinued,,IIG,"Category - C",,#DIV/0!,,No,"Moshiur Rahman","Team Rakib",Mehedi,"CS Azim",,Mahbub,,,,,No,
Discontinued,DISC-3225,"Connect BD Ltd.",Barred,,NTTN,,,1,,No,"Mollick Tanzim Akhtar","Team Sujon",Ehsanul,"CS Mithun",Tanim,,,,,,No,2017-01-31
Discontinued,DISC-3074,"Coronet Corporation Ltd.",Discontinued,,"NTTN, IIG",IIG,,#DIV/0!,,No,"Md. Abu Sayeed","Team Mitul",Tarikul,"CS Tarikul",Tanim,,,,,,No,
Discontinued,DISC-042203241,"Cross World Telecom Limited",Discontinued,,NTTN,IGW,,#DIV/0!,,No,"Mollick Tanzim Akhtar","Team Sujon",Mithun,"CS Mithun",Shanto,N/A,,,,,No,
Discontinued,DISC-111903052,"Cybergate Ltd.",Discontinued,,"NTTN, ITC",IIG,,#DIV/0!,,Yes,"Md. Abu Sayeed","Team Mitul",Azim,"CS Azim",Palash,Jubayar,,,,,No,2025-03-01
Discontinued,DISC-012212737,"Dash Internet Provider",Discontinued,,"NTTN, IIG","Category - A",,1,,No,"S.M. Tanvir Rahman","Team Jahirul",Anik,"CS Tarikul",Waly,Mahbub,,,,,No,2026-03-01
Discontinued,DISC-12873,"Data Edge",Discontinued,,,,,#DIV/0!,,No,,,Sarwar,"CS Azim",,,,,,,No,
Discontinued,DISC-7045,"Data Link Systems",Discontinued,,IIG,"Category - A",,1,,No,"Abid Hasan","Team Abid",Hasan,"CS Shehave",Waly,Mahbub,,,,,No,
Discontinued,DISC-3206,"DBL Telecom Ltd",Discontinued,,NTTN,Divisional,,#DIV/0!,,No,"Nubuiya Mahfuz Naimee","Team Fahad",Ehsanul,"CS Mithun",Tanim,N/A,,,,,No,
Discontinued,DISC-3253,"Delta Software & Communication Ltd.",Discontinued,,NTTN,Nationwide,1,#DIV/0!,,No,"Abid Hasan","Team Abid",Ferdaus,#N/A,Shanto,,,,,,No,
Discontinued,DISC-012107016,"Dhakatech it Limited",Discontinued,,"NTTN, IIG",Divisional,,1,,Yes,"Md. Mostafizur Rahman","Team Fahad",Hasan,"CS Shehave",Waly,Aftab,,,,,No,
Discontinued,DISC-9343,"DIGI-21 SYSTEMS LIMITED",Discontinued,,NTTN,"Cable TV",,1,,No,"Shihab Rahman","Team Rajib",Sarwar,"CS Azim",Shanto,,,,,,No,
Discontinued,DISC-012004555,"Digital Communication Network",Discontinued,,NTTN,Divisional,,1,,No,"Md. Shamrat Shahriar","Team Ryhan",Anik,"CS Tarikul",Nayeemur,N/A,,,,,No,2026-05-31
Discontinued,DISC-4555,"Digital Communication Network",Discontinued,,IIG,Divisional,,#DIV/0!,,No,"Ryhanul Islam","Team Ryhan",Anik,"CS Tarikul",,Prince,,,,,No,
Discontinued,DISC-4535,"Entrain BD",Discontinued,,,,,#DIV/0!,,No,,,Naznin,"CS Shehave",,,,,,,No,
Discontinued,DISC-3305,"Equitel Communication Ltd",Discontinued,,,,,#DIV/0!,,No,,,Sarwar,"CS Azim",,,,,,,No,
Discontinued,DISC-9459,"Ether Technology Network",Discontinued,,IIG,"Thana - ISP",,#DIV/0!,,No,"Mollick Tanzim Akhtar","Team Sujon",Shohag,"CS Mithun",,Mahbub,,,,,No,
Discontinued,DISC-012314013,"Expert Online",Discontinued,,IIG,"Thana - ISP",,#DIV/0!,,Yes,"Fahad Khayer","Team Fahad",Anik,"CS Tarikul",N/A,Monira,,,,,No,
Discontinued,DISC-012317117,"Fast BD Online",Discontinued,,"NTTN, IIG","Thana - ISP",,#DIV/0!,,No,"Md. Mostafizur Rahman","Team Fahad",Mithun,"CS Mithun",Waly,Monira,,,,,No,
Discontinued,DISC-8259,"Fast Net BD",Discontinued,,IIG,"Thana - ISP",,#DIV/0!,,No,"Md. Mahin Alam","Team Abid",Shohag,"CS Mithun",N/A,Mahbub,,,,,No,
Discontinued,DISC-012210673,"FIC Technologies",Discontinued,,"NTTN, IIG","Thana - ISP",,1,,No,"Talha Shawon","Team Talha",Anik,"CS Tarikul",Waly,Tawhid,,,,,No,
Discontinued,DISC-3173,"First Communication Limited",Discontinued,,NTTN,Others,,1,,No,"Abid Hasan","Team Abid",Mehedi,"CS Azim",Shanto,N/A,,,,,No,
Discontinued,DISC-012418229,"Friends Cyber Network",Discontinued,,"NTTN, IIG","Thana - ISP",,1,,No,"Md. Mominul Islam","Team Fahad",Mehedi,"CS Azim",Nayeemur,Monira,,,,,No,
Discontinued,DISC-012204793,"Gardenia Cyber Communication",Discontinued,,IIG,"Category - A",,#DIV/0!,,No,"Toukir Azam Chowdhury","Team Sujon",Khairul,"CS Tarikul",N/A,Mahbub,,,,,No,
Discontinued,DISC-3288,"Gateway Online Access Limited",Discontinued,,NTTN,Divisional,,#DIV/0!,,No,"Mosabbir Hussain","Team Mosabbir",Ehsanul,"CS Mithun",Tanim,,,,,,No,
Discontinued,DISC-N/A,"Gazi Network",Discontinued,,,,,#DIV/0!,,No,,,Mithun,"CS Mithun",,,,,,,No,
Discontinued,DISC-042418182,"Gazi Networks Limited",Discontinued,,NTTN,ICX,,#DIV/0!,,Yes,"Sadia Nowshin Farin","Team Talha",Ehsanul,"CS Mithun",N/A,N/A,,,,,No,
Discontinued,DISC-012204816,"Global ICT Network",Discontinued,,"NTTN, IIG","Thana - ISP",,#DIV/0!,,No,"Md. Mahin Alam","Team Abid",Hasnat,"CS Azim",Waly,Monira,,,,,No,
Discontinued,DISC-12934,"Gr Storm Internet & Computers",Discontinued,,IIG,,,1,,No,"Arif Istiaque","Team Ridwan",Asif,"CS Shehave",N/A,Monira,,,,,No,
Discontinued,DISC-012312930,"Green Link Networks",Discontinued,,"NTTN, IIG","Thana - ISP",,#DIV/0!,,No,"Rubaiyat Rahman","Team Jahirul",Asif,"CS Shehave",Waly,Mahbub,,,,,No,
Discontinued,DISC-012209519,Hatirjheel.Net,Discontinued,,"NTTN, IIG","Thana - ISP",,#DIV/0!,,No,"Nuzhat Binte Rahman","Team Israfil",Hasnat,"CS Azim",Ejaz,Monira,,,,,No,
Discontinued,DISC-3447,"Hira Electronics & Networking",Barred,,"NTTN, IIG",,3,#DIV/0!,,No,,,Naznin,"CS Shehave",,,,,,,No,
Discontinued,DISC-012312959,"Home Net Solutions",Discontinued,,"NTTN, IIG","Thana - ISP",,#DIV/0!,,No,"Rubaiyat Rahman","Team Ridwan",Shareef,"CS Tarikul",Waly,Monira,,,,,No,
Discontinued,DISC-012207210,"Homenet Broadband Communication & Technologies",Discontinued,,NTTN,"Category - A",,#DIV/0!,,Yes,"Md. Mostafizur Rahman","Team Fahad",Khairul,"CS Tarikul",Tanim,Aftab,,,,,No,2026-03-01
Discontinued,DISC-012104829,"i Net",Discontinued,,"NTTN, IIG","Category - A",,#DIV/0!,,No,"Asif Ahamed Dipu","Team Ryhan",Khairul,"CS Tarikul",Waly,Mahbub,,,,,No,
Discontinued,DISC-012204661,"I Smart",Discontinued,,IIG,"Category - B",,1,,No,"SK Sanaullah","Team Ryhan",Ehsanul,"CS Mithun",,Mahbub,,,,,No,
Discontinued,DISC-7190,"Ibrahim IT Source",Discontinued,,IIG,"Thana - ISP",,1,,No,"Tanvir Rahman","Team Ridwan",Hasan,"CS Shehave",,Prince,,,,,No,
Discontinued,DISC-012206878,"Ideal Network",Discontinued,,"NTTN, IIG","Thana - ISP",,1,,No,"Shahinur Islam Saju","Team Mosabbir",Mehedi,"CS Azim",Waly,Monira,,,,,No,
Discontinued,DISC-061703251,"IGW Operator Forum",Discontinued,,NTTN,"IGWs Authority",,#DIV/0!,,No,"Md Mohsin Sujon","Team Sujon",Naznin,"CS Shehave",Tanim,N/A,,,,,No,
Discontinued,DISC-011904490,"Internet Factory",Discontinued,,"NTTN, IIG",Divisional,,1,,Yes,"Shahinur Islam Saju","Team Mosabbir",Sarwar,"CS Azim",Ejaz,Monira,,,,,No,
Discontinued,DISC-3415,"IT Next Technology",Barred,,"NTTN, IIG",Divisional,1st,1,,No,"Tanvir Rahman","Team Ridwan",Azim,"CS Azim",N/A,Prince,,,,,Yes,2021-08-30
Discontinued,DISC-112206869,"I-TEL LIMITED",Discontinued,,NTTN,IIG,,1,,No,"Talha Shawon","Team Talha",Mithun,"CS Mithun",Shanto,,,,,,No,
Discontinued,DISC-012104826,"J.K. Network",Discontinued,,"NTTN, IIG","Category - A",,,,Yes,"Md Mohsin Sujon","Team Sujon",Anik,"CS Tarikul",Waly,Mahbub,,,,,No,
Discontinued,DISC-012206969,"J.P. Network BD",Discontinued,,"NTTN, IIG","Thana - ISP",,#DIV/0!,,Yes,"Md. Mustafijur Rahman","Team Mitul",Shareef,"CS Tarikul",Waly,Monira,,,,,No,
Discontinued,DISC-012312979,"Jamuna Dot Net",Discontinued,,"NTTN, IIG","Thana - ISP",,,,No,"Asif Ahamed Dipu","Team Ryhan",Naznin,"CS Shehave",Waly,Mahbub,,,,,No,
Discontinued,DISC-3275,"Jibondhara Solutions Ltd.",Discontinued,,NTTN,Others,,1,,No,"Talha Shawon","Team Talha",Tarikul,"CS Tarikul",Tanim,N/A,,,,,No,
Discontinued,DISC-7201,"JRRM NET",Discontinued,,IIG,"Thana - ISP",,#DIV/0!,,No,"Partha Sarkar","Team Ridwan",Shohag,"CS Mithun",,Prince,,,,,No,
Discontinued,DISC-6880,"Jupiter Online Services",Discontinued,,IIG,"Category - A",,#DIV/0!,,No,"Moshiur Rahman","Team Rakib",Shohag,"CS Mithun",,Mahbub,,,,,No,
Discontinued,DISC-012315041,"K.N.S. Internet",Discontinued,,"NTTN, IIG","Thana - ISP",,#DIV/0!,,No,"Rubaiyat Rahman","Team Ridwan",Mithun,"CS Mithun",Waly,Monira,,,,,No,
Discontinued,DISC-012107034,"Kastech Computer Valley",Discontinued,,IIG,"Thana - ISP",,1,,Yes,"Nubuiya Mahfuz Naimee","Team Fahad",Sarwar,"CS Azim",N/A,Monira,,,,,No,
Discontinued,DISC-8237,"Kazipur Online",Discontinued,,IIG,"Thana - ISP",,1,,No,"Tanvir Rahman","Team Ridwan",Khairul,"CS Tarikul",,Prince,,,,,No,
Discontinued,DISC-7134,"KLIK X",Discontinued,,"NTTN, IIG","Category - C",,#DIV/0!,,No,"Md. Mominul Islam","Team Fahad",Khairul,"CS Tarikul",Waly,Mahbub,,,,,No,
Discontinued,DISC-6888,"Kotalipara Net",Discontinued,,IIG,"Category - C",,1,,No,Ashak-A-Mahbub,"Team Abid",Hasan,"CS Shehave",,Prince,,,,,No,
Discontinued,DISC-3188,"Lights Communication Limited",Discontinued,,,,,#DIV/0!,,No,,,Sarwar,"CS Azim",,,,,,,No,
Discontinued,DISC-012204700,"Little Boys. Net",Discontinued,,"NTTN, IIG",Upazila/Thana,,#DIV/0!,,Yes,"Md. Mahin Alam","Team Abid",Shohag,"CS Mithun",Waly,Monira,,,,,No,
Discontinued,DISC-7050,"M/s Alien Online",Discontinued,,IIG,"Category - A",,#DIV/0!,,No,"Arif Istiaque","Team Ridwan",Anik,"CS Tarikul",,Mahbub,,,,,No,
Discontinued,DISC-012104776,"M/s Asian Communication",Discontinued,,IIG,"Category - A",,#DIV/0!,,No,"Marufa Anayet","Team Sujon",Tarikul,"CS Tarikul",N/A,Mahbub,,,,,No,
Discontinued,DISC-N/A,"M/S D.S Enterprise",Discontinued,,,,,#DIV/0!,,No,,,Mithun,"CS Mithun",,,,,,,No,
Discontinued,DISC-4647,"M/S Digital Telecom",Discontinued,,"NTTN,IIG","Category - A",,1,,No,"Nubuiya Mahfuz Naimee","Team Fahad",Hasan,"CS Shehave",,Tawhid,,,,,No,
Discontinued,DISC-012312975,"M/s M Hoque Enterprise",Discontinued,,,,,#DIV/0!,,No,,,,#N/A,,,,,,,No,
Discontinued,DISC-14019,"M/s Moonlight Network",Discontinued,,"NTTN, IIG","Thana - ISP",,#DIV/0!,,No,"Kawsar Ahammed Siddiki","Team Rajib",Anik,"CS Tarikul",Waly,Monira,,,,,No,
Discontinued,DISC-3177,"M/S Net Park Communication",Discontinued,,NTTN,Divisional,,1,,No,"Nubuiya Mahfuz Naimee","Team Fahad",Anik,"CS Tarikul",Tanim,,,,,,No,
Discontinued,DISC-4498,"M/S Sajid Trading",Barred,,NTTN,Nationwide,,#DIV/0!,"Total settle of BDT 27.5 Lacs. Rest O/S will be waived after the settlement complete as per management approved instruction. Down payment of BDT 10 Lacs in Feb'24.
From Mar24 to Sep'24 BDT 2.5 Lacs per month.",Yes,"Talha Shawon","Team Talha",Tarikul,"CS Tarikul",Tanim,,,,,,Yes,2022-09-30
Discontinued,DISC-012208223,"M/s Star Internet Service",Discontinued,,"NTTN, IIG",District,,1,,Yes,"Toukir Azam Chowdhury","Team Sujon",Ehsanul,"CS Mithun",Ejaz,Mahbub,,,,,No,
Discontinued,DISC-7172,"M/s Tamim Cable Network",Discontinued,,IIG,"Thana - ISP",,1,,No,Ashak-A-Mahbub,"Team Abid",Mehedi,"CS Azim",,Prince,,,,,No,
Discontinued,DISC-4802,"M/s Ulipur Enterprise",Discontinued,,"NTTN,IIG","Category - C",,#DIV/0!,,No,"Shahinur Islam Saju","Team Mosabbir",Asif,"CS Shehave",Waly,Mahbub,,,,,No,
Discontinued,DISC-7153,"M/s. Athoy Cyber Net (ACN)",Discontinued,,IIG,"Category - A",,#DIV/0!,,No,"Jannatul Nayem","Team Israfil",Shohag,"CS Mithun",,Prince,,,,,No,
Discontinued,DISC-012318133,"M/s. Comilla Cable TV Online",Discontinued,,"NTTN, IIG",Divisional,,,,Yes,"Md. Noor Hossain","Team Israfil",Hasnat,"CS Azim",Tanim,Monira,,,,,No,
Discontinued,DISC-4607,"M/s. Connect",Discontinued,,IIG,Divisional,,1,,No,"Tanvir Rahman","Team Ridwan",Shareef,"CS Tarikul",,Tawhid,,,,,No,
Discontinued,DISC-4657,"M/s. Desh Online",Discontinued,,"NTTN, IIG","Category - A",,1,,No,"Kawsar Ahammed Siddiki","Team Rajib",Anik,"CS Tarikul",Waly,Mahbub,,,,,No,
Discontinued,DISC-012304590,"M/s. Maya Enterprise",Discontinued,,"NTTN, IIG",Divisional,,1,,No,"Md. Sohel Rana","Team Jahirul",Mehedi,"CS Azim",Ejaz,Mahbub,,,,,No,
Discontinued,DISC-012418215,"M/s. Moheshpur Telecom",Discontinued,,"NTTN, IIG","Category - C",,1,,No,"Md. Wahiduzzaman Shanto","Team Ryhan",Ehsanul,"CS Mithun",Ejaz,Monira,,,,,No,2026-05-31
Discontinued,DISC-N/A,"M/S. Mowna Optical Fiber Network (MOFNET)",Discontinued,,"NTTN, IIG",,,#DIV/0!,,No,"Md. Ridwan Abdullah","Team Ridwan",Tarikul,"CS Tarikul",,,,,,,No,
Discontinued,DISC-4765,"M/s. Nahar Electronics",Discontinued,,IIG,"Category - C",,1,,No,Ashak-A-Mahbub,"Team Abid",Anik,"CS Tarikul",,Tawhid,,,,,No,
Discontinued,DISC-4774,"M/s. Net One Communication",Discontinued,,IIG,"Thana - ISP",,1,,No,"Md. Mominul Islam","Team Fahad",Asif,"CS Shehave",Waly,Mahbub,,,,,No,
Discontinued,DISC-3370,"M/s. Puspita Telecom",Discontinued,,"NTTN, IIG",Divisional,,#DIV/0!,,No,"Jibeshwar Purakayastha","Team Talha",Ehsanul,"CS Mithun",Tanim,Aftab,,,,,No,
Discontinued,DISC-3421,"M/s. Radisson Technologies",Discontinued,,IIG,,,#DIV/0!,,No,"Talha Shawon","Team Talha",Tarikul,"CS Tarikul",,Tawhid,,,,,No,2023-10-31
Discontinued,DISC-7041,"M/S. RAMS BD Net",Discontinued,,IIG,"Thana - ISP",,#DIV/0!,,No,"Abid Hasan","Team Abid",Shohag,"CS Mithun",,Prince,,,,,No,
Discontinued,DISC-012209455,"M/s. RL Cafe Net",Discontinued,,IIG,"Category - A",,#DIV/0!,,Yes,"Rubaet Bin Hasan","Team Jahirul",Naznin,"CS Shehave",N/A,Monira,,,,,No,
Discontinued,DISC-012104848,"M/s. S.N.B Net",Discontinued,,"NTTN, IIG","Thana - ISP",,#DIV/0!,,No,"Mosabbir Hussain","Team Mosabbir",Khairul,"CS Tarikul",Waly,Mahbub,,,,,No,
Discontinued,DISC-4748,"M/s. Skynet Online BD",Discontinued,,IIG,"Category - A",,#DIV/0!,,No,Partha,"Team Ridwan",Mehedi,"CS Azim",,Tawhid,,,,,No,
Discontinued,DISC-4696,"M/s. Speed Link",Discontinued,,IIG,"Category - A",,1,,No,"Moshiur Rahman","Team Rakib",Anik,"CS Tarikul",,Mahbub,,,,,No,
Discontinued,DISC-4825,"M/s. Zan Network",Discontinued,,IIG,"Category - A",,#DIV/0!,,No,"Moshiur Rahman","Team Rakib",Shohag,"CS Mithun",,Prince,,,,,No,
Discontinued,DISC-3283,"Managewell Communication Ltd.",Discontinued,,,,,#DIV/0!,,No,,,Shareef,"CS Tarikul",,,,,,,No,
Discontinued,DISC-012204734,"Marium Network",Discontinued,,"NTTN, IIG",Upazila/Thana,,#DIV/0!,,No,"Syed Shihab Rahman","Team Abid",Anik,"CS Tarikul",,Monira,,,,,No,2026-05-31
Discontinued,DISC-012317094,"Max Speed",Discontinued,,"NTTN, IIG","Thana - ISP",,#DIV/0!,,Yes,"Shahinur Islam Saju","Team Mosabbir",Tarikul,"CS Tarikul",Waly,Monira,,,,,No,
Discontinued,DISC-4856,"Media Online",Discontinued,,IIG,"Thana - ISP",,1,,No,"Nuzhat Binte Rahman","Team Israfil",Anik,"CS Tarikul",,Mahbub,,,,,No,
Discontinued,DISC-3422,"Meghna Online",Discontinued,,,,,#DIV/0!,,No,,,Shareef,"CS Tarikul",,,,,,,No,
Discontinued,DISC-012106892,"Micro Network",Discontinued,,"NTTN, IIG","Category - A",,1,,No,"Jannatul Nayem","Team Mitul",Sarwar,"CS Azim",Waly,Mahbub,,,,,No,
Discontinued,DISC-4531,"MIM IT System",Discontinued,,,,,#DIV/0!,,No,,,Shareef,"CS Tarikul",,,,,,,No,
Discontinued,DISC-N/A,"MIRAE Company Ltd.",Discontinued,,NTTN,,,1,,No,,,Naznin,"CS Shehave",,,,,,,No,
Discontinued,DISC-012107119,"Mirpur Tech",Discontinued,,IIG,"Category - A",,1,,No,"Tabassom Tamanna Haque","Team Abid",Hasnat,"CS Azim",N/A,Monira,,,,,No,2026-03-01
Discontinued,DISC-012209430,"Modern Communication",Discontinued,,"NTTN, IIG","Thana - ISP",,#DIV/0!,,No,"SK Sanaullah","Team Ryhan",Anik,"CS Tarikul",Waly,Mahbub,,,,,No,
Discontinued,DISC-3247,"Mohanagar Cable Network",Discontinued,,NTTN,Others,,1,,No,"Shihab Rahman","Team Rajib",Sarwar,"CS Azim",Shanto,,,,,,No,
Discontinued,DISC-012518346,"Momota Technologies",Discontinued,,"NTTN, IIG",Upazila/Thana,,1,,Yes,"Tasnim Rahman Nafis","Team Sakib",Hasan,"CS Shehave",Ejaz,Mahbub,,,,,No,
Discontinued,DISC-9426,"Monseferchar Cable Network",Discontinued,,"NTTN, IIG","Category - C",,1,,No,"Mollick Tanzim Akhtar","Team Sujon",Mehedi,"CS Azim",Waly,Mahbub,,,,,No,
Discontinued,DISC-3153,"Mother Telecommunication",Discontinued,,,,,#DIV/0!,,No,,,Mithun,"CS Mithun",,,,,,,No,
Discontinued,DISC-4603,"Naogaon Online",Discontinued,,,,,#DIV/0!,,No,"Tanvir Rahman","Team Ridwan",Azim,"CS Azim",,,,,,,No,
Discontinued,DISC-12981,"National Cable TV Network",Discontinued,,NTTN,Others,,#DIV/0!,,No,"Umaya Afrin","Team Mitul",Sarwar,"CS Azim",Shanto,N/A,,,,,No,
Discontinued,DISC-7193,"Nayan Niloy Internet",Discontinued,,IIG,"Thana - ISP",,1,,No,"Md. Mahin Alam","Team Abid",Mehedi,"CS Azim",,Prince,,,,,No,
Discontinued,DISC-012418242,"Net Bios",Discontinued,,"NTTN, IIG","Thana - ISP",,#DIV/0!,,No,"Mollick Tanzim Akhtar","Team Sujon",Shareef,"CS Tarikul",Waly,Monira,,,,,No,
Discontinued,DISC-012518304,"Net Express Tongi",Discontinued,,NTTN,"Category - A",,1,,Yes,"Md. Mahin Alam","Team Abid",Asif,"CS Shehave",Nayeemur,N/A,,,,,No,2026-03-01
Discontinued,DISC-4801,"Net World",Discontinued,,"NTTN, IIG","Category - C",,1,,No,"SK Sanaullah","Team Ryhan",Khairul,"CS Tarikul",Waly,Mahbub,,,,,No,
Discontinued,DISC-4472,Net@Home,Discontinued,,NTTN,,1st,1,0,Yes,"Fahad Khayer","Team Fahad",Ehsanul,"CS Mithun",,Tawhid,,,,,No,2023-04-30
Discontinued,DISC-4550,"Netpoint Moulvibazar",Discontinued,,IIG,Divisional,,1,,No,"Jibeshwar Purakayastha","Team Talha",Sarwar,"CS Azim",,Prince,,,,,No,
Discontinued,DISC-3437,"N-Three Communication",Discontinued,,"NTTN, IIG",,Both,0,,No,"Tanvir Rahman","Team Ridwan",Mithun,"CS Mithun",,,,,,,No,2020-03-29
Discontinued,DISC-012204644,"OK Network & Communications",Discontinued,,NTTN,"Category - A",,1,,Yes,"Toukir Azam Chowdhury","Team Sujon",Hasan,"CS Shehave",Nayeemur,N/A,,,,,No,
Discontinued,DISC-4509,"On Air Limited",Discontinued,,"NTTN, IIG",Divisional,1,#DIV/0!,,No,"Fahad Khayer","Team Fahad",Mithun,"CS Mithun",N/A,Tawhid,,,,,No,
Discontinued,DISC-12967,"Orbital Net",Discontinued,,"NTTN, IIG","Thana - ISP",,1,,No,"Md. Mominul Islam","Team Fahad",Asif,"CS Shehave",Waly,Mahbub,,,,,No,
Discontinued,DISC-012209351,"OS Network",Discontinued,,"NTTN, IIG","Thana - ISP",,#DIV/0!,,No,"Md. Fazle Rabbi","Team Sujon",Anik,"CS Tarikul",Nayeemur,Tawhid,,,,,No,2026-05-31
Discontinued,DISC-3317,"Pabna Cable Vision Dot Net",Discontinued,,"NTTN, IIG",,,#DIV/0!,,No,,,Shareef,"CS Tarikul",,,,,,,No,
Discontinued,DISC-3280,"PC ANODYNE ONLINE",Barred,,NTTN,"Thana - ISP",,#DIV/0!,"Total OS BDT 24K will adjust from client's security deposit amount BDT 1.75 lacs.",No,"Abid Hasan","Team Abid",Ehsanul,"CS Mithun",Waly,,,,,,No,2022-10-31
Discontinued,DISC-012203376,"Pioneer Services Limited",Discontinued,,NTTN,Divisional,,1,,No,"Tabassom Tamanna Haque","Team Abid",Anik,"CS Tarikul",Waly,N/A,,,,,No,
Discontinued,DISC-062203210,"Platinum Communications Limited",Discontinued,,NTTN,IGW,,#DIV/0!,,No,"Marufa Anayet","Team Sujon",Shohag,"CS Mithun",Tanim,N/A,,,,,No,
Discontinued,DISC-9301,"Prince Communication Service",Discontinued,,IIG,"Thana - ISP",,#DIV/0!,,No,"Md. Mahin Alam","Team Abid",Anik,"CS Tarikul",,Mahbub,,,,,No,
Discontinued,DISC-012204643,"Promee International",Discontinued,,"NTTN, IIG","Thana - ISP",,,,Yes,"Mollick Tanzim Akhtar","Team Mosabbir",Sarwar,"CS Azim",Ejaz,Mahbub,,,,,No,
Discontinued,DISC-7040,"R.V.H.P.C.N Internet Service",Discontinued,,IIG,"Thana - ISP",,#DIV/0!,,No,"Moshiur Rahman","Team Rakib",Khairul,"CS Tarikul",,Prince,,,,,No,
Discontinued,DISC-012309452,"R-1 Dot Net",Discontinued,,"NTTN, IIG","Thana - ISP",,1,,No,"Nubuiya Mahfuz Naimee","Team Fahad",Asif,"CS Shehave",Waly,Mahbub,,,,,No,
Discontinued,DISC-4568,"Rapid Technology",Barred,,"NTTN, IIG",Divisional,,1,,No,"Mushfek Arefin","Team Rajib",Ehsanul,"CS Mithun",Shanto,Tawhid,,,,,No,
Discontinued,DISC-6875,"Rasel Raju Broadband Internet Service",Discontinued,,IIG,"Category - C",,1,,No,"K.M. Mazharul Islam","Team Mosabbir",Mehedi,"CS Azim",,Mahbub,,,,,No,
Discontinued,DISC-012208273,"Rayhan E Network",Discontinued,,"NTTN, IIG","Thana - ISP",,#DIV/0!,,No,"Md. Sohel Rana","Team Jahirul",Naznin,"CS Shehave",Waly,Monira,,,,,No,
Discontinued,DISC-3391,"Royal Infotech",Discontinued,,"NTTN, IIG",Divisional,,#DIV/0!,,No,"Abid Hasan","Team Abid",Sarwar,"CS Azim",Shanto,Mahbub,,,,,No,
Discontinued,DISC-012208242,"Roza Network BD",Discontinued,,IIG,"Thana - ISP",,1,,Yes,"Toukir Azam Chowdhury","Team Sujon",Asif,"CS Shehave",Waly,Mahbub,,,,,No,
Discontinued,DISC-012107163,"RT Traders",Discontinued,,IIG,"Category - C",,1,,No,"SK Sanaullah","Team Ryhan",Hasan,"CS Shehave",N/A,Monira,,,,,No,
Discontinued,DISC-4757,"Runway Broadband",Discontinued,,IIG,"Category - A",,1,,No,"Abid Hasan","Team Abid",Khairul,"CS Tarikul",,Mahbub,,,,,No,
Discontinued,DISC-6874,"S R Fiber Net",Discontinued,,"NTTN, IIG","Category - C",,#DIV/0!,,No,"K.M. Mazharul Islam","Team Mosabbir",Anik,"CS Tarikul",Waly,Mahbub,,,,,No,
Discontinued,DISC-4525,"Set View Internet",Discontinued,,IIG,Divisional,,#DIV/0!,,No,"Talha Shawon","Team Talha",Shareef,"CS Tarikul",,,,,,,No,
Discontinued,DISC-4521,"Sheba Technologies Limited",Discontinued,,NTTN,Nationwide,,#DIV/0!,,Yes,"Abid Hasan","Team Abid",Khairul,"CS Tarikul",Shanto,N/A,,,,,No,
Discontinued,DISC-7203,"Sherpur Network",Discontinued,,IIG,"Thana - ISP",,1,,No,"Tanvir Rahman","Team Ridwan",Khairul,"CS Tarikul",,Mahbub,,,,,No,
Discontinued,DISC-012206999,"Siddik Communication",Discontinued,,"NTTN, IIG",District,,,,No,"Marufa Anayet","Team Sujon",Hasnat,"CS Azim",Waly,Mahbub,,,,,No,
Discontinued,DISC-012312927,"SJS Network",Discontinued,,"NTTN, IIG",Upazila/Thana,,1,,No,"Md. Mostafizur Rahman","Team Fahad",Anik,"CS Tarikul",Ejaz,Tawhid,,,,,No,
Discontinued,DISC-3289,"Sky Line Cable Network",Discontinued,,NTTN,"Cable TV",,#DIV/0!,,No,"Kawsar Ahammed Siddiki","Team Rajib",Tarikul,"CS Tarikul",Tanim,,,,,,No,
Discontinued,DISC-3427,"Skynet Communication",Discontinued,,IIG,,1st,#DIV/0!,,No,"Tanvir Rahman","Team Ridwan",Shareef,"CS Tarikul",,,,,,,No,
Discontinued,DISC-3266,"SM Communication Limited",Barred,,NTTN,Others,,1,,Yes,"Talha Shawon","Team Talha",Khairul,"CS Tarikul",Tanim,,,,,,No,2023-01-31
Discontinued,DISC-012208229,"Sonargaon Supernet",Discontinued,,IIG,"Thana - ISP",,#DIV/0!,,No,"Mollick Tanzim Akhtar","Team Sujon",Asif,"CS Shehave",,Mahbub,,,,,No,
Discontinued,DISC-012004601,"Space Net Limited",Discontinued,,NTTN,Nationwide,,#DIV/0!,,Yes,"Umaya Afrin","Team Mitul",Ehsanul,"CS Mithun",Tanim,N/A,,,,,No,
Discontinued,DISC-3103,"Spark Online",Discontinued,,"NTTN, IIG",Divisional,,#DIV/0!,,No,"K.M. Mazharul Islam","Team Mosabbir",Ehsanul,"CS Mithun",Shanto,Aftab,,,,,No,
Discontinued,DISC-012318160,"Speed Network","Only SComm",,"NTTN, IIG",Upazila/Thana,,#DIV/0!,,Yes,"Mollick Tanzim Akhtar","Team Mosabbir",Hasnat,"CS Azim",Ejaz,Tawhid,,,,,No,
Discontinued,DISC-7186,"Star Cable Tv Network",Discontinued,,NTTN,Others,,1,,No,"SK Sanaullah","Team Ryhan",Hasnat,"CS Azim",Shanto,N/A,,,,,No,
Discontinued,DISC-4638,"Star Online (Cat B)",Discontinued,,IIG,"Category - B",,1,,No,"SK Sanaullah","Team Ryhan",Mehedi,"CS Azim",,Tawhid,,,,,No,
Discontinued,DISC-012209469,"Student Net",Discontinued,,"NTTN, IIG",District,,,,No,"SK Sanaullah","Team Ryhan",Anik,"CS Tarikul",Tanim,Mahbub,,,,,No,
Discontinued,DISC-012206912,"Sunpop Broadband",Discontinued,,IIG,"Category - A",,#DIV/0!,,No,"Partha Sarkar","Team Ridwan",Tarikul,"CS Tarikul",,Mahbub,,,,,No,
Discontinued,DISC-4735,"Syntax IT",Discontinued,,IIG,Thana,,1,,No,"Talha Shawon","Team Talha",Khairul,"CS Tarikul",,Tawhid,,,,,No,
Discontinued,DISC-12736,"T.S. Communication",Discontinued,,IIG,"Category - C",,1,,No,"SK Sanaullah","Team Ryhan",Hasan,"CS Shehave",,Mahbub,,,,,No,
Discontinued,DISC-012314008,"Tamim Net Service",Discontinued,,,,,#DIV/0!,,No,,,Hasnat,"CS Azim",,,,,,,No,
Discontinued,DISC-3042,"Tangail Online",Discontinued,,NTTN,,,#DIV/0!,,No,"Md. Mominul Islam","Team Fahad",Sarwar,"CS Azim",,,,,,,No,
Discontinued,DISC-3402,"Technocore Bangladesh Ltd.",Discontinued,,IIG,Divisional,,#DIV/0!,,No,"Sakib Aziz","Team Rakib",Naznin,"CS Shehave",,Tawhid,,,,,No,
Discontinued,DISC-3181,"Telebangla Communications Limited",Discontinued,,"NTTN, IIG",,,#DIV/0!,,No,,,Mithun,"CS Mithun",,,,,,,No,
Discontinued,DISC-012317116,"Three Dot Net",Discontinued,,"NTTN, IIG",Upazila/Thana,,#DIV/0!,,Yes,"Md. Mustafijur Rahman Shishir","Team Mitul",Shohag,"CS Mithun",Ejaz,Mahbub,,,,,No,
Discontinued,DISC-012107127,"Three Sixty Broadband Internet Service",Discontinued,,"NTTN, IIG","Thana - ISP",,#DIV/0!,,No,"Rubaiyat Rahman","Team Ridwan",Hasnat,"CS Azim",Waly,Monira,,,,,No,
Discontinued,DISC-012312757,"Top Net Communication",Discontinued,,"NTTN, IIG","Category - A",,1,,No,"Tabassom Tamanna Haque","Team Abid",Hasan,"CS Shehave",,Mahbub,,,,,No,2026-05-31
Discontinued,DISC-4569,"Total Solution Engineering.",Discontinued,,,Thana,,#DIV/0!,,No,"Tanvir Rahman","Team Ridwan",Naznin,"CS Shehave",,,,,,,No,
Discontinued,DISC-3443,"TR Technologies",Discontinued,,"NTTN, IIG",Divisional,,1,,No,"Ryhanul Islam","Team Ryhan",Ehsanul,"CS Mithun",Shanto,Tawhid,,,,,No,
Discontinued,DISC-012207211,"Unitech Internet",Discontinued,,"NTTN, IIG","Category - A",,1,,No,"Umaya Afrin Priya","Team Mitul",Anik,"CS Tarikul",Waly,Tawhid,,,,,No,2026-03-01
Discontinued,DISC-N/A,"Virgo IIG Limited",Discontinued,,ITC,,,#DIV/0!,,No,,,Sarwar,"CS Azim",,,,,,,No,
Discontinued,DISC-042003224,"Voicetel Ltd.",Discontinued,,NTTN,ICX,,1,0,No,"Shihab Rahman","Team Rajib",Mehedi,"CS Azim",Shanto,,,,,,No,
Discontinued,DISC-012212716,WENET,Discontinued,,IIG,District,,#DIV/0!,,No,"Rubaiyat Rahman","Team Ridwan",Asif,"CS Shehave",Waly,Monira,,,,,No,
Discontinued,DISC-012212795,"Wide Communications",Discontinued,,IIG,District,,#DIV/0!,,Yes,"Md. Mustafijur Rahman","Team Mitul",Ehsanul,"CS Mithun",Tanim,Mahbub,,,,,No,2025-07-28
Discontinued,DISC-7021,"Z Net",Discontinued,,IIG,"Category - A",,#DIV/0!,,No,"Mollick Tanzim Akhtar","Team Sujon",Shohag,"CS Mithun",,Prince,,,,,No,
